-- tables
-- Table: allergens
create table allergens
(
    allergen_id int,
    name        varchar(40) not null,
    constraint allergens_ak_1 unique (name),
    constraint allergens_pk primary key (allergen_id)
);

-- Table: categories
create table categories
(
    category_id   int,
    category_name varchar(40) not null,
    constraint categories_ak_1 unique (category_name),
    constraint categories_pk primary key (category_id)
);

-- Table: customer_details
create table customer_details
(
    customer_id   int,
    email         varchar(320) not null,
    name          varchar(40)  not null,
    surname       varchar(40)  not null,
    address       varchar(70)  not null,
    city          varchar(30)  not null,
    phone         varchar(25)  not null,
    password_hash char(64)     not null,
    constraint customers_ak_1 unique (email),
    constraint customer_details_pk primary key (customer_id)
);

-- Table: customer_discounts
create table customer_discounts
(
    discount_id int,
    customer_id int,
    constraint customer_discounts_pk primary key (discount_id, customer_id)
);

-- Table: customers
create table customers
(
    customer_id int,
    constraint customers_pk primary key (customer_id)
);

-- Table: discounts
create table discounts
(
    discount_id int,
    date_from   date       not null,
    date_to     date       not null,
    discount    numeric(2) not null,
    constraint datecheck check (date_from <= date_to),
    constraint discounts_pk primary key (discount_id)
);
-- Table: dish_discounts
create table dish_discounts
(
    discount_id int,
    dish_id     int,
    constraint dish_discounts_pk primary key (discount_id, dish_id)
);

-- Table: dish_ingredients
create table dish_ingredients
(
    dish_id       int,
    ingredient_id int,
    quantity      int not null check (quantity >= 1),
    constraint dish_ingredients_pk primary key (dish_id, ingredient_id)
);

-- Table: dishes
create table dishes
(
    dish_id     int,
    dish_name   varchar(100) not null,
    category_id int          not null,
    constraint dishes_ak_1 unique (dish_name),
    constraint dishes_pk primary key (dish_id)
);

-- Table: ingredients
create type diet_type as enum ('standard', 'vegetarian', 'vegan');

create table ingredients
(
    ingredient_id int,
    name          varchar(40) not null,
    units         varchar     not null check (units in ('szt', 'g', 'ml')),
    diet          diet_type   not null,
    constraint ingredients_pk primary key (ingredient_id)
);

-- Table: ingredients_allergens
create table ingredients_allergens
(
    ingredient_id int,
    allergen_id   int,
    constraint ingredients_allergens_pk primary key (ingredient_id, allergen_id)
);

-- Table: opening_hours
create table opening_hours
(
    restaurant_id int,
    day           int,
    opening_time  time null,
    closing_time  time null,
    constraint check_1 check (((opening_time is null and closing_time is null) or
                               (opening_time is not null and closing_time is not null and
                                opening_time < closing_time))),
    constraint opening_hours_pk primary key (restaurant_id, day)
);

-- Table: order_details
create table order_details
(
    order_id int,
    dish_id  int,
    quantity int not null check (quantity >= 1),
    constraint order_details_pk primary key (dish_id, order_id)
);

-- Table: orders
create table orders
(
    order_id      int,
    customer_id   int       not null,
    restaurant_id int       not null,
    ordered_date  timestamp not null,
    status        varchar   not null check (status in ('completed', 'cancelled', 'open')),
    is_delivery   boolean   not null,
    constraint orders_pk primary key (order_id)
);

-- Table: price_history
create table price_history
(
    dish_id int,
    date    timestamp,
    value   numeric(10, 2) null,
    constraint price_history_pk primary key (dish_id, date)
);

-- Table: restaurants
create table restaurants
(
    restaurant_id int,
    address       varchar(70) not null,
    city          varchar(30) not null,
    postal_code   char(6)     not null check (postal_code ~ '^[0-9]{2}-[0-9]{3}$'),
    phone         varchar(25) not null,
    constraint restaurants_ak_1 unique (address),
    constraint restaurants_pk primary key (restaurant_id)
);

-- Table: special_dates
create table special_dates
(
    special_date_id int,
    restaurant_id   int,
    date_from       date    not null,
    date_to         date    not null,
    opening_time    time    null,
    closing_time    time    null,
    is_cyclic       boolean not null,
    constraint special_dates_ak_1 unique (restaurant_id, date_from, date_to,is_cyclic),
    constraint check_1 check (((opening_time is null and closing_time is null) or
                               (opening_time is not null and closing_time is not null and
                                opening_time < closing_time))),
    constraint check_2 check (date_from <= date_to),
    constraint special_dates_pk primary key (special_date_id)
);

-- Table: stock
create table stock
(
    ingredient_id int,
    restaurant_id int,
    quantity      int not null check (quantity >= 0),
    constraint stock_pk primary key (ingredient_id, restaurant_id)
);

-- foreign keys
-- Reference: allergens_ingredients_allergens (table: ingredients_allergens)
alter table ingredients_allergens
    add constraint allergens_ingredients_allergens
        foreign key (allergen_id)
            references allergens (allergen_id);

-- Reference: customer_details_customers (table: customer_details)
alter table customer_details
    add constraint customer_details_customers
        foreign key (customer_id)
            references customers (customer_id);

-- Reference: customer_discounts_customers (table: customer_discounts)
alter table customer_discounts
    add constraint customer_discounts_customers
        foreign key (customer_id)
            references customers (customer_id);

-- Reference: customers_orders (table: orders)
alter table orders
    add constraint customers_orders
        foreign key (customer_id)
            references customers (customer_id);

-- Reference:  discounts_dish_discounts (table: dish_discounts)
alter table dish_discounts
    add constraint discounts_dish_discounts
        foreign key (discount_id)
            references discounts (discount_id);

-- Reference: discounts_customer_discounts (table: customer_discounts)
alter table customer_discounts
    add constraint discounts_customer_discounts
        foreign key (discount_id)
            references discounts (discount_id);

-- Reference: dish_details_ingredients (table: dish_ingredients)
alter table dish_ingredients
    add constraint dish_details_ingredients
        foreign key (ingredient_id)
            references ingredients (ingredient_id);

-- Reference: dish_discounts_dishes (table: dish_discounts)
alter table dish_discounts
    add constraint dish_discounts_dishes
        foreign key (dish_id)
            references dishes (dish_id);

-- Reference: dishes_categories (table: dishes)
alter table dishes
    add constraint dishes_categories
        foreign key (category_id)
            references categories (category_id);

-- Reference: dishes_dish_details (table: dish_ingredients)
alter table dish_ingredients
    add constraint dishes_dish_details
        foreign key (dish_id)
            references dishes (dish_id);

-- Reference: dishes_order_details (table: order_details)
alter table order_details
    add constraint dishes_order_details
        foreign key (dish_id)
            references dishes (dish_id);

-- Reference: ingriedients_allergents_ingredients (table: ingredients_allergens)
alter table ingredients_allergens
    add constraint ingriedients_allergents_ingredients
        foreign key (ingredient_id)
            references ingredients (ingredient_id);

-- Reference: orders_order_details (table: order_details)
alter table order_details
    add constraint orders_order_details
        foreign key (order_id)
            references orders (order_id);

-- Reference: orders_restaurants (table: orders)
alter table orders
    add constraint orders_restaurants
        foreign key (restaurant_id)
            references restaurants (restaurant_id);

-- Reference: price_history_dishes (table: price_history)
alter table price_history
    add constraint price_history_dishes
        foreign key (dish_id)
            references dishes (dish_id);

-- Reference: restaurants_stock (table: stock)
alter table stock
    add constraint restaurants_stock
        foreign key (restaurant_id)
            references restaurants (restaurant_id);

-- Reference: restrictions_restaurants (table: opening_hours)
alter table opening_hours
    add constraint restrictions_restaurants
        foreign key (restaurant_id)
            references restaurants (restaurant_id);

-- Reference: special_dates_restaurants (table: special_dates)
alter table special_dates
    add constraint special_dates_restaurants
        foreign key (restaurant_id)
            references restaurants (restaurant_id);

-- Reference: stock_ingredients (table: stock)
alter table stock
    add constraint stock_ingredients
        foreign key (ingredient_id)
            references ingredients (ingredient_id);

-- Insertions
insert into allergens (allergen_id, name)
values (1, 'Gluten'),
       (2, 'Skorupiaki'),
       (3, 'Jaja'),
       (4, 'Ryby'),
       (5, 'Orzeszki ziemne'),
       (6, 'Soja'),
       (7, 'Mleko'),
       (8, 'Orzechy'),
       (9, 'Seler'),
       (10, 'Gorczyca'),
       (11, 'Nasiona sezamu'),
       (12, 'Dwutlenek siarki'),
       (13, 'Łubin'),
       (14, 'Mięczaki');

-- uzytkownik systemowy
insert into customers (customer_id) values (0);

insert into customers (customer_id)
values (1),
       (2),
       (3),
       (4),
       (5),
       (6),
       (7),
       (8),
       (9),
       (10),
       (11),
       (12),
       (13),
       (14),
       (15),
       (16),
       (17),
       (18),
       (19),
       (20),
       (21),
       (22),
       (23),
       (24),
       (25),
       (26),
       (27),
       (28),
       (29),
       (30),
       (31),
       (32),
       (33),
       (34),
       (35),
       (36),
       (37),
       (38),
       (39),
       (40),
       (41),
       (42),
       (43),
       (44),
       (45),
       (46),
       (47),
       (48),
       (49),
       (50),
       (51),
       (52),
       (53),
       (54),
       (55),
       (56),
       (57),
       (58),
       (59),
       (60),
       (61),
       (62),
       (63),
       (64),
       (65),
       (66),
       (67),
       (68),
       (69),
       (70),
       (71),
       (72),
       (73),
       (74),
       (75),
       (76),
       (77),
       (78),
       (79),
       (80),
       (81),
       (82),
       (83),
       (84),
       (85),
       (86),
       (87),
       (88),
       (89),
       (90),
       (91),
       (92),
       (93),
       (94),
       (95),
       (96),
       (97),
       (98),
       (99),
       (100),
       (101),
       (102),
       (103),
       (104),
       (105),
       (106),
       (107),
       (108),
       (109),
       (110),
       (111),
       (112),
       (113),
       (114),
       (115),
       (116),
       (117),
       (118),
       (119),
       (120),
       (121),
       (122),
       (123),
       (124),
       (125),
       (126),
       (127),
       (128),
       (129),
       (130),
       (131),
       (132),
       (133),
       (134),
       (135),
       (136),
       (137),
       (138),
       (139),
       (140),
       (141),
       (142),
       (143),
       (144),
       (145),
       (146),
       (147),
       (148),
       (149),
       (150),
       (151),
       (152),
       (153),
       (154),
       (155),
       (156),
       (157),
       (158),
       (159),
       (160),
       (161),
       (162),
       (163),
       (164),
       (165),
       (166),
       (167),
       (168),
       (169),
       (170),
       (171),
       (172),
       (173),
       (174),
       (175),
       (176),
       (177),
       (178),
       (179),
       (180),
       (181),
       (182),
       (183),
       (184),
       (185),
       (186),
       (187),
       (188),
       (189),
       (190),
       (191),
       (192),
       (193),
       (194),
       (195),
       (196),
       (197),
       (198),
       (199),
       (200),
       (201),
       (202),
       (203),
       (204),
       (205),
       (206),
       (207),
       (208),
       (209),
       (210),
       (211),
       (212),
       (213),
       (214),
       (215),
       (216),
       (217),
       (218),
       (219),
       (220),
       (221),
       (222),
       (223),
       (224),
       (225),
       (226),
       (227),
       (228),
       (229),
       (230),
       (231),
       (232),
       (233),
       (234),
       (235),
       (236),
       (237),
       (238),
       (239),
       (240),
       (241),
       (242),
       (243),
       (244),
       (245),
       (246),
       (247),
       (248),
       (249),
       (250),
       (251),
       (252),
       (253),
       (254),
       (255),
       (256),
       (257),
       (258),
       (259),
       (260),
       (261),
       (262),
       (263),
       (264),
       (265),
       (266),
       (267),
       (268),
       (269),
       (270),
       (271),
       (272),
       (273),
       (274),
       (275),
       (276),
       (277),
       (278),
       (279),
       (280),
       (281),
       (282),
       (283),
       (284),
       (285),
       (286),
       (287),
       (288),
       (289),
       (290),
       (291),
       (292),
       (293),
       (294),
       (295),
       (296),
       (297),
       (298),
       (299),
       (300),
       (301),
       (302),
       (303),
       (304),
       (305),
       (306),
       (307),
       (308),
       (309),
       (310),
       (311),
       (312),
       (313),
       (314),
       (315),
       (316),
       (317),
       (318),
       (319),
       (320),
       (321),
       (322),
       (323),
       (324),
       (325),
       (326),
       (327),
       (328),
       (329),
       (330),
       (331),
       (332),
       (333),
       (334),
       (335),
       (336),
       (337),
       (338),
       (339),
       (340),
       (341),
       (342),
       (343),
       (344),
       (345),
       (346),
       (347),
       (348),
       (349),
       (350),
       (351),
       (352),
       (353),
       (354),
       (355),
       (356),
       (357),
       (358),
       (359),
       (360),
       (361),
       (362),
       (363),
       (364),
       (365),
       (366),
       (367),
       (368),
       (369),
       (370),
       (371),
       (372),
       (373),
       (374),
       (375),
       (376),
       (377),
       (378),
       (379),
       (380),
       (381),
       (382),
       (383),
       (384),
       (385),
       (386),
       (387),
       (388),
       (389),
       (390),
       (391),
       (392),
       (393),
       (394),
       (395),
       (396),
       (397),
       (398),
       (399),
       (400),
       (401),
       (402),
       (403),
       (404),
       (405),
       (406),
       (407),
       (408),
       (409),
       (410),
       (411),
       (412),
       (413),
       (414),
       (415),
       (416),
       (417),
       (418),
       (419),
       (420),
       (421),
       (422),
       (423),
       (424),
       (425),
       (426),
       (427),
       (428),
       (429),
       (430),
       (431),
       (432),
       (433),
       (434),
       (435),
       (436),
       (437),
       (438),
       (439),
       (440),
       (441),
       (442),
       (443),
       (444),
       (445),
       (446),
       (447),
       (448),
       (449),
       (450),
       (451),
       (452),
       (453),
       (454),
       (455),
       (456),
       (457),
       (458),
       (459),
       (460),
       (461),
       (462),
       (463),
       (464),
       (465),
       (466),
       (467),
       (468),
       (469),
       (470),
       (471),
       (472),
       (473),
       (474),
       (475),
       (476),
       (477),
       (478),
       (479),
       (480),
       (481),
       (482),
       (483),
       (484),
       (485),
       (486),
       (487),
       (488),
       (489),
       (490),
       (491),
       (492),
       (493),
       (494),
       (495),
       (496),
       (497),
       (498),
       (499),
       (500);

insert into categories (category_id, category_name)
values (0, 'Burgery i wrapy'),
       (1, 'Frytki'),
       (2, 'Napoje'),
       (3, 'Desery'),
       (4, 'Sałatki'),
       (5, 'Sosy');

insert into dishes (dish_id, dish_name, category_id)
values (3, 'Cheeseburger', 0),
       (4, 'Hamburger', 0),
       (0, 'Frytki małe', 1),
       (1, 'Frytki średnie', 1),
       (2, 'Frytki duże', 1),
       (5, 'Coca-Cola 0,3', 2),
       (6, 'Coca-Cola 0,5', 2),
       (7, 'Coca-Cola Zero 0,3', 2),
       (8, 'Coca-Cola Zero 0,5', 2),
       (9, 'Fanta 0,3', 2),
       (10, 'Fanta 0,5', 2),
       (13, 'Sałatka', 4),
       (20, 'Lody truskawkowe małe', 3),
       (21, 'Lody czekoladowe małe', 3),
       (22, 'Lody karmelowe małe', 3),
       (23, 'Lody truskawkowe duże', 3),
       (24, 'Lody czekoladowe duże', 3),
       (25, 'Lody karmelowe duże', 3),
       (11, 'Kawa', 2),
       (12, 'Herbata', 2),
       (15, 'Wrap z wołowiną', 0),
       (16, 'Wrap z kurczakiem', 0),
       (17, 'Wrap wegetariański', 0),
       (18, 'Burger wegetariański', 0),
       (19, 'Burger z kurczakiem', 0),
       (14, 'Sałatka z kurczakiem', 4),
       (30, 'Sos śmietanowy', 5),
       (31, 'Sos pikantny', 5),
       (32, 'Sos słodko-kwaśny', 5),
       (33, 'Sos musztardowy', 5),
       (34, 'Sos pomidorowy', 5),
       (35, 'Sos winegret', 5),
       (36, 'Ketchup', 5),
       (37, 'Sos majonezowy', 5);

insert into ingredients (ingredient_id, name, units, diet)
values (1, 'kotlet wołowy', 'szt', 'standard'),
       (2, 'kotlet z kurczaka', 'szt', 'standard'),
       (3, 'kotlet sojowy', 'szt', 'vegan'),
       (4, 'kotlet wegetarianski', 'szt', 'vegan'),
       (5, 'ser żółty ', 'szt', 'vegetarian'),
       (6, 'frytki', 'g', 'vegan'),
       (7, 'bułka', 'szt', 'vegan'),
       (8, 'tortilla', 'szt', 'vegan'),
       (9, 'pomidor', 'szt', 'vegan'),
       (10, 'sałata lodowa', 'szt', 'vegan'),
       (11, 'rukola', 'szt', 'vegan'),
       (12, 'pikle', 'szt', 'vegan'),
       (13, 'bekon', 'szt', 'standard'),
       (14, 'cebula', 'g', 'vegan'),
       (15, 'ser tarty', 'g', 'vegetarian'),
       (16, 'papryczki jalapeno', 'szt', 'vegan'),
       (17, 'jajko', 'szt', 'vegetarian'),
       (101, 'Coca-Cola 0,3', 'ml', 'vegan'),
       (102, 'Coca-Cola 0,5', 'ml', 'vegan'),
       (103, 'Coca-Cola Zero 0,3', 'ml', 'vegan'),
       (104, 'Coca-Cola Zero 0,5', 'ml', 'vegan'),
       (105, 'Fanta 0,3', 'ml', 'vegan'),
       (106, 'Fanta 0,5', 'ml', 'vegan'),
       (107, 'kawa', 'szt', 'vegan'),
       (108, 'herbata', 'szt', 'vegan'),
       (109, 'woda 0,5', 'szt', 'vegan'),
       (90, 'lody truskawkowe', 'ml', 'vegetarian'),
       (91, 'lody czekoladowe', 'ml', 'vegetarian'),
       (92, 'lody karmelowe', 'ml', 'vegetarian'),
       (18, 'grzanki', 'szt', 'vegetarian'),
       (50, 'ketchup', 'ml', 'vegan'),
       (51, 'sos burgerowy', 'ml', 'vegetarian'),
       (52, 'sos weganski', 'ml', 'vegan'),
       (53, 'ketchup', 'szt', 'vegan'),
       (54, 'sos majonezowy', 'szt', 'vegetarian'),
       (55, 'sos smietanowy', 'szt', 'vegetarian'),
       (56, 'sos pikantny', 'szt', 'vegan'),
       (57, 'sos slodko-kwasny', 'szt', 'vegan'),
       (58, 'sos musztardowy', 'szt', 'vegetarian'),
       (59, 'sos pomidorowy', 'szt', 'vegan'),
       (60, 'sos winegret', 'szt', 'vegan');

insert into ingredients_allergens (ingredient_id, allergen_id)
values (3, 6),
       (4, 9),
       (5, 7),
       (7, 11),
       (7, 1),
       (8, 1),
       (15, 7),
       (17, 3),
       (90, 7),
       (91, 7),
       (92, 7),
       (18, 1),
       (51, 3),
       (51, 10),
       (54, 10),
       (54, 3),
       (58, 3),
       (58, 12),
       (58, 10),
       (57, 1),
       (57, 6),
       (57, 9),
       (55, 3),
       (55, 7),
       (55, 10),
       (56, 3),
       (56, 7),
       (60, 10);

insert into dish_ingredients (dish_id, ingredient_id, quantity)
values (3, 1, 1),
       (3, 5, 1),
       (3, 7, 1),
       (3, 12, 2),
       (3, 51, 5),
       (4, 1, 1),
       (4, 7, 1),
       (4, 12, 2),
       (0, 6, 300),
       (4, 51, 5),
       (1, 6, 500),
       (2, 6, 700),
       (5, 101, 1),
       (6, 102, 1),
       (7, 103, 1),
       (8, 104, 1),
       (9, 105, 1),
       (10, 106, 1),
       (13, 60, 1),
       (13, 9, 5),
       (13, 10, 10),
       (13, 11, 5),
       (13, 18, 6),
       (20, 90, 80),
       (21, 91, 80),
       (22, 92, 80),
       (23, 90, 120),
       (24, 91, 120),
       (25, 92, 120),
       (11, 107, 1),
       (12, 108, 1),
       (15, 51, 5),
       (15, 8, 1),
       (15, 1, 1),
       (15, 9, 3),
       (15, 11, 2),
       (15, 12, 10),
       (15, 13, 3),
       (16, 51, 5),
       (16, 8, 1),
       (16, 2, 1),
       (16, 9, 3),
       (16, 11, 2),
       (16, 12, 10),
       (16, 14, 10),
       (17, 52, 5),
       (17, 3, 2),
       (17, 9, 3),
       (17, 11, 2),
       (17, 8, 1),
       (17, 17, 2),
       (18, 3, 1),
       (18, 7, 1),
       (18, 9, 2),
       (18, 14, 3),
       (18, 17, 1),
       (18, 52, 5),
       (19, 7, 1),
       (19, 2, 1),
       (19, 51, 5),
       (19, 9, 2),
       (19, 14, 3),
       (14, 2, 1),
       (14, 15, 10),
       (14, 9, 4),
       (14, 10, 10),
       (14, 13, 5),
       (14, 16, 3),
       (14, 51, 5),
       (30, 55, 1),
       (31, 56, 1),
       (32, 57, 1),
       (33, 58, 1),
       (34, 59, 1),
       (35, 60, 1),
       (36, 53, 1),
       (37, 54, 1);

insert into restaurants (restaurant_id, address, city, postal_code, phone)
values (1, 'ul. Przy Rondzie 100', 'Kraków', '31-547', '791 404 874'),
       (2, 'ul. Klonowicza Sebastiana 136', 'Gdańsk', '80-405', '537 727 830'),
       (3, 'ul. Rynek 29', 'Lublin', '20-111', '728 679 735'),
       (4, 'ul. Fromborska 92', 'Poznań', '60-454', '793 814 863'),
       (5, 'ul. Bielawska 118', 'Warszawa', '02-511', '675 034 642');

insert into price_history (dish_id, date, value)
values (0, '2021-01-03 00:00:00.000000', 7.40),
       (1, '2021-01-03 00:00:00.000000', 8.50),
       (2, '2021-01-03 00:00:00.000000', 9.30),
       (3, '2021-01-03 00:00:00.000000', 5.50),
       (4, '2021-01-03 00:00:00.000000', 5.00),
       (5, '2021-01-03 00:00:00.000000', 4.90),
       (6, '2021-01-03 00:00:00.000000', 6.20),
       (7, '2021-01-03 00:00:00.000000', 4.90),
       (8, '2021-01-03 00:00:00.000000', 6.20),
       (9, '2021-01-03 00:00:00.000000', 4.90),
       (10, '2021-01-03 00:00:00.000000', 6.20),
       (11, '2021-01-03 00:00:00.000000', 5.40),
       (12, '2021-01-03 00:00:00.000000', 3.70),
       (13, '2021-01-03 00:00:00.000000', 8.10),
       (14, '2021-01-03 00:00:00.000000', 16.40),
       (15, '2021-01-03 00:00:00.000000', 17.30),
       (16, '2021-01-03 00:00:00.000000', 15.40),
       (17, '2021-01-03 00:00:00.000000', 15.40),
       (18, '2021-01-03 00:00:00.000000', 7.00),
       (19, '2021-01-03 00:00:00.000000', 6.00),
       (20, '2021-01-03 00:00:00.000000', 7.60),
       (21, '2021-01-03 00:00:00.000000', 7.60),
       (22, '2021-01-03 00:00:00.000000', 7.60),
       (23, '2021-01-03 00:00:00.000000', 10.20),
       (24, '2021-01-03 00:00:00.000000', 10.20),
       (25, '2021-01-03 00:00:00.000000', 10.20),
       (30, '2021-01-03 00:00:00.000000', 1.50),
       (31, '2021-01-03 00:00:00.000000', 1.50),
       (32, '2021-01-03 00:00:00.000000', 1.50),
       (33, '2021-01-03 00:00:00.000000', 1.50),
       (34, '2021-01-03 00:00:00.000000', 1.50),
       (35, '2021-01-03 00:00:00.000000', 1.50),
       (36, '2021-01-03 00:00:00.000000', 1.50),
       (37, '2021-01-03 00:00:00.000000', 1.50),
       (21, '2021-04-05 00:00:00.000000', 8.20),
       (22, '2021-04-05 00:00:00.000000', 8.20),
       (23, '2021-04-05 00:00:00.000000', 10.80),
       (24, '2021-04-05 00:00:00.000000', 10.80),
       (25, '2021-04-05 00:00:00.000000', 10.80),
       (20, '2021-04-05 00:00:00.000000', 8.20),
       (3, '2021-06-05 00:00:00.000000', 6.00),
       (4, '2021-06-05 00:00:00.000000', 5.50),
       (18, '2021-06-05 00:00:00.000000', 7.50),
       (19, '2021-06-05 00:00:00.000000', 6.50),
       (4, '2021-06-06 00:00:00.000000', 2.00),
       (4, '2021-06-06 10:00:00.000000', 5.50);

insert into opening_hours (restaurant_id, day, opening_time, closing_time)
values (1, 1, '12:00', '21:00'),
       (1, 2, '11:00', '21:00'),
       (1, 3, '11:00', '21:00'),
       (1, 4, '11:00', '21:00'),
       (1, 5, '11:00', '21:00'),
       (1, 6, '11:00', '21:00'),
       (1, 7, '11:00', '21:00'),
       (2, 1, '11:00', '22:00'),
       (2, 2, '11:00', '22:00'),
       (2, 3, '11:00', '22:00'),
       (2, 4, '11:00', '22:00'),
       (2, 5, '11:00', '23:00'),
       (2, 6, '10:00', '23:00'),
       (2, 7, '10:00', '23:00'),
       (3, 1, '09:00', '22:00'),
       (3, 2, '09:00', '22:00'),
       (3, 3, '09:00', '22:00'),
       (3, 4, '09:00', '22:00'),
       (3, 5, '09:00', '22:00'),
       (3, 6, '09:00', '22:00'),
       (3, 7, null, null),
       (4, 1, '08:00', '21:00'),
       (4, 2, '08:00', '21:00'),
       (4, 3, '08:00', '21:00'),
       (4, 4, '08:00', '21:00'),
       (4, 5, '08:00', '21:00'),
       (4, 6, '10:00', '20:00'),
       (4, 7, '10:00', '20:00'),
       (5, 1, '09:00', '21:00'),
       (5, 2, '09:00', '21:00'),
       (5, 3, '09:00', '21:00'),
       (5, 4, '09:00', '21:00'),
       (5, 5, '09:00', '20:00'),
       (5, 6, '09:00', '20:00'),
       (5, 7, null, null);

insert into orders (order_id, customer_id, restaurant_id, ordered_date, status, is_delivery)
values (1, 190, 3, '2021-01-03', 'completed', false),
       (2, 39, 4, '2021-01-03', 'completed', false),
       (3, 482, 1, '2021-01-03', 'completed', true),
       (4, 351, 2, '2021-01-03', 'completed', false),
       (5, 423, 4, '2021-01-03', 'completed', true),
       (6, 386, 4, '2021-01-04', 'completed', false),
       (7, 246, 2, '2021-01-04', 'completed', false),
       (8, 484, 3, '2021-01-04', 'completed', false),
       (9, 144, 2, '2021-01-04', 'completed', false),
       (10, 108, 3, '2021-01-04', 'completed', true),
       (11, 83, 5, '2021-01-05', 'completed', false),
       (12, 213, 2, '2021-01-05', 'completed', false),
       (13, 316, 2, '2021-01-05', 'completed', false),
       (14, 79, 2, '2021-01-05', 'completed', false),
       (15, 202, 5, '2021-01-05', 'completed', false),
       (16, 416, 5, '2021-01-05', 'completed', false),
       (17, 293, 4, '2021-01-05', 'completed', true),
       (18, 170, 2, '2021-01-05', 'completed', true),
       (19, 80, 1, '2021-01-05', 'completed', false),
       (20, 3, 1, '2021-01-06', 'completed', false),
       (21, 266, 4, '2021-01-06', 'completed', false),
       (22, 39, 5, '2021-01-06', 'completed', false),
       (23, 50, 3, '2021-01-06', 'completed', false),
       (24, 467, 1, '2021-01-06', 'completed', false),
       (25, 309, 4, '2021-01-07', 'completed', false),
       (26, 26, 2, '2021-01-07', 'completed', false),
       (27, 307, 1, '2021-01-07', 'completed', false),
       (28, 379, 2, '2021-01-07', 'completed', false),
       (29, 364, 4, '2021-01-07', 'completed', false),
       (30, 3, 1, '2021-01-07', 'completed', false),
       (31, 155, 5, '2021-01-07', 'completed', false),
       (32, 415, 4, '2021-01-08', 'completed', true),
       (33, 71, 3, '2021-01-08', 'completed', false),
       (34, 19, 3, '2021-01-08', 'completed', true),
       (35, 453, 3, '2021-01-08', 'completed', false),
       (36, 494, 2, '2021-01-08', 'completed', false),
       (37, 145, 2, '2021-01-08', 'completed', true),
       (38, 281, 1, '2021-01-08', 'completed', false),
       (39, 307, 2, '2021-01-09', 'completed', false),
       (40, 128, 1, '2021-01-09', 'completed', false),
       (41, 227, 2, '2021-01-09', 'completed', false),
       (42, 374, 3, '2021-01-09', 'completed', false),
       (43, 26, 4, '2021-01-10', 'completed', true),
       (44, 498, 4, '2021-01-10', 'completed', false),
       (45, 479, 1, '2021-01-10', 'completed', false),
       (46, 173, 3, '2021-01-10', 'completed', false),
       (47, 425, 2, '2021-01-11', 'completed', true),
       (48, 299, 3, '2021-01-11', 'completed', true),
       (49, 175, 1, '2021-01-11', 'completed', false),
       (50, 235, 5, '2021-01-11', 'completed', false),
       (51, 333, 3, '2021-01-11', 'completed', true),
       (52, 34, 2, '2021-01-11', 'completed', false),
       (53, 179, 2, '2021-01-12', 'completed', false),
       (54, 265, 5, '2021-01-12', 'completed', false),
       (55, 339, 3, '2021-01-12', 'completed', false),
       (56, 357, 4, '2021-01-12', 'completed', false),
       (57, 178, 5, '2021-01-12', 'completed', true),
       (58, 29, 3, '2021-01-12', 'completed', false),
       (59, 93, 5, '2021-01-12', 'completed', false),
       (60, 74, 4, '2021-01-13', 'completed', true),
       (61, 434, 2, '2021-01-13', 'completed', false),
       (62, 304, 4, '2021-01-13', 'completed', false),
       (63, 152, 1, '2021-01-13', 'completed', false),
       (64, 280, 2, '2021-01-13', 'completed', true),
       (65, 162, 3, '2021-01-13', 'completed', false),
       (66, 281, 5, '2021-01-13', 'completed', false),
       (67, 411, 2, '2021-01-14', 'completed', false),
       (68, 234, 3, '2021-01-14', 'completed', false),
       (69, 28, 1, '2021-01-14', 'completed', true),
       (70, 79, 1, '2021-01-14', 'completed', false),
       (71, 247, 5, '2021-01-14', 'completed', false),
       (72, 449, 4, '2021-01-14', 'cancelled', true),
       (73, 77, 3, '2021-01-14', 'completed', true),
       (74, 53, 4, '2021-01-14', 'completed', false),
       (75, 99, 2, '2021-01-14', 'completed', false),
       (76, 147, 5, '2021-01-14', 'completed', false),
       (77, 75, 1, '2021-01-15', 'completed', false),
       (78, 449, 5, '2021-01-15', 'completed', false),
       (79, 380, 5, '2021-01-15', 'cancelled', true),
       (80, 77, 5, '2021-01-15', 'cancelled', true),
       (81, 417, 4, '2021-01-15', 'completed', false),
       (82, 17, 4, '2021-01-15', 'completed', false),
       (83, 120, 1, '2021-01-15', 'completed', true),
       (84, 124, 1, '2021-01-15', 'completed', false),
       (85, 24, 4, '2021-01-15', 'completed', false),
       (86, 96, 2, '2021-01-15', 'completed', true),
       (87, 422, 2, '2021-01-16', 'completed', false),
       (88, 313, 3, '2021-01-16', 'completed', false),
       (89, 454, 2, '2021-01-16', 'completed', true),
       (90, 170, 1, '2021-01-16', 'completed', false),
       (91, 276, 1, '2021-01-16', 'completed', false),
       (92, 110, 2, '2021-01-17', 'completed', false),
       (93, 14, 5, '2021-01-17', 'completed', false),
       (94, 219, 1, '2021-01-17', 'completed', true),
       (95, 117, 4, '2021-01-17', 'completed', false),
       (96, 68, 5, '2021-01-17', 'completed', false),
       (97, 489, 1, '2021-01-18', 'completed', true),
       (98, 250, 2, '2021-01-18', 'completed', false),
       (99, 17, 5, '2021-01-18', 'completed', true),
       (100, 417, 3, '2021-01-18', 'completed', false),
       (101, 158, 5, '2021-01-18', 'completed', false),
       (102, 212, 1, '2021-01-18', 'completed', false),
       (103, 471, 5, '2021-01-18', 'cancelled', true),
       (104, 248, 4, '2021-01-18', 'completed', false),
       (105, 238, 2, '2021-01-18', 'completed', false),
       (106, 154, 5, '2021-01-18', 'completed', false),
       (107, 343, 4, '2021-01-19', 'completed', false),
       (108, 238, 5, '2021-01-19', 'completed', false),
       (109, 461, 2, '2021-01-19', 'completed', true),
       (110, 73, 2, '2021-01-19', 'completed', true),
       (111, 271, 3, '2021-01-19', 'completed', false),
       (112, 385, 1, '2021-01-19', 'completed', true),
       (113, 290, 5, '2021-01-19', 'completed', false),
       (114, 239, 1, '2021-01-19', 'completed', false),
       (115, 131, 3, '2021-01-20', 'completed', false),
       (116, 128, 3, '2021-01-20', 'completed', false),
       (117, 141, 1, '2021-01-20', 'completed', true),
       (118, 147, 3, '2021-01-20', 'completed', false),
       (119, 342, 1, '2021-01-20', 'completed', false),
       (120, 474, 3, '2021-01-20', 'completed', false),
       (121, 261, 5, '2021-01-20', 'completed', false),
       (122, 274, 4, '2021-01-20', 'completed', false),
       (123, 494, 2, '2021-01-20', 'completed', true),
       (124, 69, 3, '2021-01-20', 'completed', false),
       (125, 191, 5, '2021-01-21', 'completed', true),
       (126, 169, 2, '2021-01-21', 'completed', false),
       (127, 467, 1, '2021-01-21', 'completed', false),
       (128, 213, 5, '2021-01-21', 'completed', false),
       (129, 284, 1, '2021-01-22', 'cancelled', true),
       (130, 66, 2, '2021-01-22', 'completed', true),
       (131, 203, 3, '2021-01-22', 'completed', false),
       (132, 387, 1, '2021-01-22', 'completed', true),
       (133, 416, 2, '2021-01-22', 'completed', false),
       (134, 394, 3, '2021-01-22', 'completed', false),
       (135, 395, 4, '2021-01-22', 'completed', false),
       (136, 376, 5, '2021-01-22', 'cancelled', true),
       (137, 374, 3, '2021-01-22', 'completed', false),
       (138, 210, 4, '2021-01-22', 'completed', false),
       (139, 433, 3, '2021-01-23', 'completed', false),
       (140, 223, 2, '2021-01-23', 'completed', false),
       (141, 241, 4, '2021-01-23', 'completed', false),
       (142, 409, 4, '2021-01-23', 'completed', false),
       (143, 190, 3, '2021-01-23', 'completed', false),
       (144, 251, 3, '2021-01-24', 'completed', false),
       (145, 26, 2, '2021-01-24', 'cancelled', true),
       (146, 208, 1, '2021-01-24', 'completed', false),
       (147, 187, 5, '2021-01-24', 'completed', false),
       (148, 359, 5, '2021-01-24', 'completed', false),
       (149, 25, 5, '2021-01-24', 'completed', false),
       (150, 438, 3, '2021-01-24', 'completed', false),
       (151, 131, 2, '2021-01-24', 'completed', true),
       (152, 3, 4, '2021-01-25', 'completed', false),
       (153, 391, 4, '2021-01-25', 'completed', false),
       (154, 93, 2, '2021-01-25', 'completed', true),
       (155, 26, 5, '2021-01-25', 'completed', true),
       (156, 371, 3, '2021-01-25', 'completed', false),
       (157, 88, 4, '2021-01-25', 'completed', false),
       (158, 433, 2, '2021-01-25', 'completed', true),
       (159, 406, 3, '2021-01-26', 'completed', false),
       (160, 100, 5, '2021-01-26', 'completed', false),
       (161, 197, 1, '2021-01-26', 'completed', false),
       (162, 145, 5, '2021-01-26', 'completed', false),
       (163, 456, 5, '2021-01-26', 'completed', false),
       (164, 323, 5, '2021-01-26', 'completed', false),
       (165, 270, 3, '2021-01-26', 'completed', false),
       (166, 164, 2, '2021-01-26', 'completed', false),
       (167, 174, 5, '2021-01-26', 'completed', false),
       (168, 19, 5, '2021-01-26', 'completed', false),
       (169, 271, 2, '2021-01-27', 'completed', false),
       (170, 328, 2, '2021-01-27', 'completed', false),
       (171, 78, 3, '2021-01-27', 'completed', false),
       (172, 266, 2, '2021-01-27', 'completed', false),
       (173, 311, 1, '2021-01-27', 'completed', true),
       (174, 349, 3, '2021-01-28', 'completed', false),
       (175, 302, 2, '2021-01-28', 'completed', true),
       (176, 374, 1, '2021-01-28', 'completed', false),
       (177, 266, 4, '2021-01-28', 'completed', false),
       (178, 319, 2, '2021-01-28', 'completed', false),
       (179, 139, 3, '2021-01-28', 'completed', false),
       (180, 145, 4, '2021-01-28', 'completed', false),
       (181, 74, 3, '2021-01-28', 'completed', false),
       (182, 154, 2, '2021-01-29', 'completed', false),
       (183, 313, 3, '2021-01-29', 'completed', true),
       (184, 295, 1, '2021-01-29', 'completed', false),
       (185, 442, 1, '2021-01-29', 'completed', true),
       (186, 259, 3, '2021-01-29', 'completed', false),
       (187, 464, 4, '2021-01-29', 'completed', false),
       (188, 183, 4, '2021-01-29', 'completed', true),
       (189, 342, 1, '2021-01-29', 'completed', false),
       (190, 453, 1, '2021-01-29', 'completed', false),
       (191, 344, 4, '2021-01-29', 'completed', false),
       (192, 198, 2, '2021-01-30', 'completed', false),
       (193, 294, 2, '2021-01-30', 'completed', true),
       (194, 134, 2, '2021-01-30', 'completed', false),
       (195, 485, 5, '2021-01-30', 'completed', true),
       (196, 260, 1, '2021-01-30', 'completed', false),
       (197, 28, 5, '2021-01-30', 'completed', false),
       (198, 389, 4, '2021-01-30', 'completed', true),
       (199, 222, 2, '2021-01-30', 'completed', false),
       (200, 51, 4, '2021-01-30', 'completed', false),
       (201, 282, 2, '2021-01-31', 'completed', false),
       (202, 223, 5, '2021-01-31', 'completed', false),
       (203, 195, 4, '2021-01-31', 'completed', false),
       (204, 145, 2, '2021-01-31', 'completed', true),
       (205, 235, 3, '2021-01-31', 'completed', false),
       (206, 494, 4, '2021-01-31', 'completed', true),
       (207, 349, 5, '2021-01-31', 'completed', false),
       (208, 117, 1, '2021-01-31', 'completed', false),
       (209, 446, 5, '2021-01-31', 'completed', true),
       (210, 147, 2, '2021-01-31', 'completed', false),
       (211, 326, 2, '2021-02-01', 'completed', false),
       (212, 41, 3, '2021-02-01', 'completed', true),
       (213, 76, 5, '2021-02-01', 'completed', true),
       (214, 368, 5, '2021-02-01', 'completed', false),
       (215, 104, 4, '2021-02-01', 'completed', false),
       (216, 312, 1, '2021-02-02', 'completed', false),
       (217, 466, 4, '2021-02-02', 'completed', false),
       (218, 382, 2, '2021-02-02', 'completed', false),
       (219, 336, 1, '2021-02-02', 'completed', true),
       (220, 276, 3, '2021-02-02', 'completed', false),
       (221, 231, 4, '2021-02-02', 'completed', true),
       (222, 283, 2, '2021-02-02', 'completed', false),
       (223, 23, 3, '2021-02-02', 'completed', false),
       (224, 447, 4, '2021-02-02', 'completed', false),
       (225, 237, 4, '2021-02-03', 'completed', false),
       (226, 214, 2, '2021-02-03', 'completed', false),
       (227, 87, 3, '2021-02-03', 'completed', true),
       (228, 495, 4, '2021-02-03', 'completed', false),
       (229, 224, 4, '2021-02-03', 'completed', false),
       (230, 224, 5, '2021-02-03', 'completed', false),
       (231, 208, 3, '2021-02-03', 'completed', true),
       (232, 253, 3, '2021-02-03', 'completed', false),
       (233, 480, 3, '2021-02-03', 'completed', false),
       (234, 24, 5, '2021-02-03', 'completed', false),
       (235, 52, 5, '2021-02-04', 'completed', false),
       (236, 327, 1, '2021-02-04', 'completed', false),
       (237, 262, 4, '2021-02-04', 'completed', false),
       (238, 393, 3, '2021-02-04', 'completed', true),
       (239, 323, 3, '2021-02-05', 'completed', false),
       (240, 155, 3, '2021-02-05', 'completed', false),
       (241, 302, 2, '2021-02-05', 'completed', false),
       (242, 40, 5, '2021-02-05', 'completed', true),
       (243, 387, 3, '2021-02-05', 'completed', false),
       (244, 5, 3, '2021-02-05', 'completed', false),
       (245, 460, 2, '2021-02-05', 'completed', true),
       (246, 399, 1, '2021-02-06', 'completed', false),
       (247, 123, 4, '2021-02-06', 'completed', false),
       (248, 224, 5, '2021-02-06', 'completed', true),
       (249, 368, 4, '2021-02-06', 'completed', true),
       (250, 53, 3, '2021-02-06', 'completed', false),
       (251, 293, 3, '2021-02-06', 'completed', false),
       (252, 58, 5, '2021-02-06', 'completed', false),
       (253, 477, 1, '2021-02-06', 'completed', false),
       (254, 167, 2, '2021-02-06', 'completed', false),
       (255, 347, 3, '2021-02-07', 'completed', false),
       (256, 499, 3, '2021-02-07', 'completed', false),
       (257, 145, 4, '2021-02-07', 'completed', false),
       (258, 76, 2, '2021-02-07', 'completed', false),
       (259, 151, 1, '2021-02-07', 'completed', true),
       (260, 181, 4, '2021-02-08', 'completed', false),
       (261, 6, 5, '2021-02-08', 'completed', false),
       (262, 78, 5, '2021-02-08', 'completed', false),
       (263, 34, 2, '2021-02-08', 'completed', false),
       (264, 228, 5, '2021-02-08', 'completed', false),
       (265, 116, 2, '2021-02-09', 'completed', false),
       (266, 132, 5, '2021-02-09', 'completed', true),
       (267, 319, 1, '2021-02-09', 'completed', false),
       (268, 10, 1, '2021-02-09', 'completed', false),
       (269, 190, 5, '2021-02-09', 'completed', false),
       (270, 145, 4, '2021-02-09', 'completed', false),
       (271, 253, 4, '2021-02-10', 'completed', false),
       (272, 127, 1, '2021-02-10', 'completed', true),
       (273, 116, 5, '2021-02-10', 'completed', false),
       (274, 464, 4, '2021-02-10', 'completed', true),
       (275, 120, 1, '2021-02-10', 'completed', false),
       (276, 415, 4, '2021-02-11', 'completed', false),
       (277, 225, 5, '2021-02-11', 'completed', false),
       (278, 14, 5, '2021-02-11', 'completed', false),
       (279, 9, 3, '2021-02-11', 'completed', true),
       (280, 175, 1, '2021-02-11', 'completed', true),
       (281, 371, 4, '2021-02-11', 'completed', true),
       (282, 266, 4, '2021-02-11', 'completed', false),
       (283, 477, 2, '2021-02-12', 'completed', false),
       (284, 39, 5, '2021-02-12', 'completed', false),
       (285, 209, 2, '2021-02-12', 'completed', false),
       (286, 469, 4, '2021-02-12', 'completed', false),
       (287, 255, 3, '2021-02-12', 'completed', true),
       (288, 285, 2, '2021-02-13', 'completed', false),
       (289, 133, 5, '2021-02-13', 'completed', false),
       (290, 114, 1, '2021-02-13', 'completed', false),
       (291, 376, 3, '2021-02-13', 'completed', false),
       (292, 283, 1, '2021-02-13', 'completed', false),
       (293, 19, 5, '2021-02-13', 'completed', false),
       (294, 194, 5, '2021-02-14', 'completed', false),
       (295, 19, 2, '2021-02-14', 'completed', false),
       (296, 170, 4, '2021-02-14', 'completed', false),
       (297, 496, 3, '2021-02-14', 'completed', false),
       (298, 385, 3, '2021-02-14', 'completed', true),
       (299, 197, 4, '2021-02-14', 'completed', true),
       (300, 487, 5, '2021-02-15', 'completed', false),
       (301, 136, 5, '2021-02-15', 'completed', false),
       (302, 146, 2, '2021-02-15', 'completed', false),
       (303, 12, 1, '2021-02-15', 'completed', false),
       (304, 347, 4, '2021-02-15', 'completed', true),
       (305, 259, 2, '2021-02-15', 'completed', false),
       (306, 213, 4, '2021-02-15', 'completed', false),
       (307, 12, 4, '2021-02-15', 'completed', false),
       (308, 395, 5, '2021-02-15', 'completed', false),
       (309, 327, 3, '2021-02-15', 'completed', false),
       (310, 339, 5, '2021-02-16', 'completed', false),
       (311, 239, 2, '2021-02-16', 'completed', false),
       (312, 89, 3, '2021-02-16', 'completed', false),
       (313, 210, 2, '2021-02-16', 'completed', true),
       (314, 481, 2, '2021-02-16', 'completed', false),
       (315, 348, 2, '2021-02-16', 'completed', false),
       (316, 451, 4, '2021-02-16', 'completed', false),
       (317, 424, 5, '2021-02-16', 'completed', false),
       (318, 308, 5, '2021-02-16', 'completed', false),
       (319, 234, 4, '2021-02-17', 'completed', false),
       (320, 85, 4, '2021-02-17', 'completed', false),
       (321, 227, 2, '2021-02-17', 'completed', true),
       (322, 374, 3, '2021-02-17', 'completed', false),
       (323, 384, 3, '2021-02-17', 'completed', false),
       (324, 290, 5, '2021-02-17', 'completed', false),
       (325, 456, 2, '2021-02-17', 'completed', false),
       (326, 386, 2, '2021-02-17', 'completed', false),
       (327, 283, 2, '2021-02-18', 'completed', false),
       (328, 416, 3, '2021-02-18', 'completed', false),
       (329, 500, 3, '2021-02-18', 'completed', false),
       (330, 126, 2, '2021-02-18', 'completed', true),
       (331, 40, 4, '2021-02-18', 'completed', false),
       (332, 457, 4, '2021-02-18', 'completed', false),
       (333, 235, 2, '2021-02-18', 'cancelled', true),
       (334, 225, 2, '2021-02-18', 'completed', false),
       (335, 288, 4, '2021-02-19', 'completed', false),
       (336, 362, 4, '2021-02-19', 'completed', false),
       (337, 388, 5, '2021-02-19', 'completed', false),
       (338, 244, 2, '2021-02-19', 'completed', true),
       (339, 493, 4, '2021-02-19', 'completed', true),
       (340, 12, 2, '2021-02-19', 'completed', false),
       (341, 447, 2, '2021-02-19', 'completed', false),
       (342, 443, 2, '2021-02-19', 'completed', true),
       (343, 118, 5, '2021-02-19', 'completed', false),
       (344, 262, 4, '2021-02-20', 'cancelled', true),
       (345, 221, 4, '2021-02-20', 'completed', false),
       (346, 480, 4, '2021-02-20', 'completed', true),
       (347, 368, 4, '2021-02-20', 'completed', false),
       (348, 139, 5, '2021-02-20', 'completed', false),
       (349, 312, 4, '2021-02-20', 'completed', true),
       (350, 80, 1, '2021-02-21', 'completed', false),
       (351, 491, 5, '2021-02-21', 'completed', false),
       (352, 452, 1, '2021-02-21', 'completed', false),
       (353, 273, 3, '2021-02-21', 'completed', false),
       (354, 233, 1, '2021-02-21', 'completed', true),
       (355, 18, 5, '2021-02-21', 'completed', false),
       (356, 11, 2, '2021-02-21', 'completed', false),
       (357, 153, 3, '2021-02-21', 'completed', true),
       (358, 10, 3, '2021-02-21', 'completed', false),
       (359, 141, 1, '2021-02-22', 'completed', false),
       (360, 460, 5, '2021-02-22', 'completed', true),
       (361, 363, 4, '2021-02-22', 'completed', false),
       (362, 435, 4, '2021-02-22', 'completed', false),
       (363, 26, 2, '2021-02-22', 'completed', true),
       (364, 143, 2, '2021-02-22', 'completed', false),
       (365, 367, 2, '2021-02-22', 'completed', false),
       (366, 429, 1, '2021-02-23', 'completed', false),
       (367, 185, 1, '2021-02-23', 'completed', false),
       (368, 82, 2, '2021-02-23', 'completed', false),
       (369, 293, 5, '2021-02-23', 'completed', false),
       (370, 194, 4, '2021-02-23', 'completed', false),
       (371, 189, 1, '2021-02-24', 'completed', false),
       (372, 225, 4, '2021-02-24', 'completed', true),
       (373, 397, 4, '2021-02-24', 'completed', false),
       (374, 137, 1, '2021-02-24', 'completed', true),
       (375, 188, 3, '2021-02-24', 'completed', false),
       (376, 452, 1, '2021-02-24', 'completed', false),
       (377, 294, 5, '2021-02-24', 'completed', false),
       (378, 87, 4, '2021-02-24', 'completed', true),
       (379, 344, 2, '2021-02-24', 'completed', false),
       (380, 341, 3, '2021-02-24', 'completed', true),
       (381, 245, 1, '2021-02-25', 'completed', false),
       (382, 31, 1, '2021-02-25', 'completed', false),
       (383, 408, 1, '2021-02-25', 'completed', true),
       (384, 323, 1, '2021-02-25', 'completed', false),
       (385, 77, 2, '2021-02-26', 'completed', false),
       (386, 416, 5, '2021-02-26', 'completed', false),
       (387, 463, 5, '2021-02-26', 'completed', true),
       (388, 61, 4, '2021-02-26', 'completed', false),
       (389, 423, 1, '2021-02-27', 'completed', true),
       (390, 180, 4, '2021-02-27', 'completed', false),
       (391, 435, 2, '2021-02-27', 'completed', false),
       (392, 461, 1, '2021-02-27', 'completed', false),
       (393, 287, 1, '2021-02-27', 'completed', false),
       (394, 89, 5, '2021-02-27', 'completed', false),
       (395, 93, 2, '2021-02-27', 'completed', false),
       (396, 20, 1, '2021-02-28', 'completed', false),
       (397, 222, 4, '2021-02-28', 'completed', false),
       (398, 165, 4, '2021-02-28', 'completed', false),
       (399, 125, 4, '2021-02-28', 'completed', false),
       (400, 80, 5, '2021-03-01', 'completed', true),
       (401, 7, 2, '2021-03-01', 'completed', false),
       (402, 4, 2, '2021-03-01', 'completed', true),
       (403, 337, 2, '2021-03-01', 'completed', false),
       (404, 265, 5, '2021-03-01', 'completed', false),
       (405, 46, 4, '2021-03-01', 'completed', false),
       (406, 399, 1, '2021-03-01', 'completed', false),
       (407, 30, 4, '2021-03-01', 'completed', false),
       (408, 348, 1, '2021-03-01', 'completed', true),
       (409, 497, 1, '2021-03-01', 'completed', false),
       (410, 385, 1, '2021-03-02', 'completed', false),
       (411, 168, 2, '2021-03-02', 'completed', true),
       (412, 249, 1, '2021-03-02', 'completed', false),
       (413, 76, 4, '2021-03-02', 'completed', true),
       (414, 406, 1, '2021-03-02', 'completed', false),
       (415, 33, 5, '2021-03-02', 'completed', false),
       (416, 317, 1, '2021-03-02', 'completed', false),
       (417, 396, 5, '2021-03-02', 'completed', false),
       (418, 69, 4, '2021-03-02', 'completed', false),
       (419, 160, 2, '2021-03-02', 'completed', false),
       (420, 74, 4, '2021-03-03', 'completed', true),
       (421, 153, 2, '2021-03-03', 'completed', false),
       (422, 363, 5, '2021-03-03', 'completed', true),
       (423, 316, 5, '2021-03-03', 'completed', false),
       (424, 455, 1, '2021-03-03', 'completed', false),
       (425, 352, 5, '2021-03-03', 'completed', false),
       (426, 381, 5, '2021-03-03', 'completed', false),
       (427, 346, 5, '2021-03-04', 'completed', false),
       (428, 50, 1, '2021-03-04', 'completed', false),
       (429, 329, 5, '2021-03-04', 'completed', false),
       (430, 363, 3, '2021-03-04', 'completed', true),
       (431, 324, 3, '2021-03-04', 'completed', false),
       (432, 315, 3, '2021-03-04', 'completed', false),
       (433, 239, 5, '2021-03-04', 'completed', false),
       (434, 401, 5, '2021-03-05', 'completed', false),
       (435, 364, 4, '2021-03-05', 'completed', false),
       (436, 5, 2, '2021-03-05', 'completed', false),
       (437, 361, 4, '2021-03-05', 'completed', true),
       (438, 153, 4, '2021-03-05', 'completed', false),
       (439, 327, 2, '2021-03-05', 'completed', true),
       (440, 268, 4, '2021-03-05', 'completed', false),
       (441, 374, 4, '2021-03-05', 'completed', false),
       (442, 205, 5, '2021-03-06', 'completed', false),
       (443, 254, 4, '2021-03-06', 'completed', false),
       (444, 190, 4, '2021-03-06', 'completed', true),
       (445, 291, 3, '2021-03-06', 'completed', false),
       (446, 94, 2, '2021-03-06', 'completed', false),
       (447, 50, 5, '2021-03-06', 'completed', false),
       (448, 107, 4, '2021-03-06', 'completed', false),
       (449, 21, 2, '2021-03-06', 'completed', true),
       (450, 167, 4, '2021-03-06', 'completed', true),
       (451, 226, 2, '2021-03-07', 'completed', false),
       (452, 160, 1, '2021-03-07', 'completed', false),
       (453, 233, 4, '2021-03-07', 'completed', false),
       (454, 22, 2, '2021-03-07', 'completed', false),
       (455, 214, 4, '2021-03-07', 'completed', false),
       (456, 37, 4, '2021-03-07', 'completed', false),
       (457, 260, 2, '2021-03-07', 'completed', true),
       (458, 447, 1, '2021-03-07', 'completed', true),
       (459, 221, 3, '2021-03-07', 'completed', false),
       (460, 46, 3, '2021-03-07', 'completed', true),
       (461, 470, 2, '2021-03-08', 'completed', true),
       (462, 434, 1, '2021-03-08', 'completed', true),
       (463, 22, 3, '2021-03-08', 'completed', false),
       (464, 334, 4, '2021-03-08', 'completed', true),
       (465, 32, 4, '2021-03-08', 'completed', false),
       (466, 188, 1, '2021-03-08', 'completed', true),
       (467, 469, 5, '2021-03-08', 'completed', false),
       (468, 197, 5, '2021-03-08', 'completed', false),
       (469, 420, 4, '2021-03-08', 'completed', false),
       (470, 65, 4, '2021-03-09', 'completed', false),
       (471, 141, 4, '2021-03-09', 'completed', false),
       (472, 167, 3, '2021-03-09', 'completed', true),
       (473, 28, 4, '2021-03-09', 'completed', false),
       (474, 433, 5, '2021-03-10', 'completed', true),
       (475, 277, 3, '2021-03-10', 'cancelled', true),
       (476, 40, 2, '2021-03-10', 'completed', false),
       (477, 198, 1, '2021-03-10', 'completed', false),
       (478, 209, 2, '2021-03-10', 'completed', false),
       (479, 458, 4, '2021-03-10', 'completed', false),
       (480, 205, 2, '2021-03-10', 'completed', false),
       (481, 423, 4, '2021-03-10', 'cancelled', true),
       (482, 185, 1, '2021-03-10', 'completed', true),
       (483, 71, 5, '2021-03-10', 'completed', false),
       (484, 199, 2, '2021-03-11', 'completed', false),
       (485, 143, 1, '2021-03-11', 'completed', false),
       (486, 227, 2, '2021-03-11', 'completed', true),
       (487, 192, 4, '2021-03-11', 'completed', false),
       (488, 195, 5, '2021-03-11', 'completed', false),
       (489, 20, 3, '2021-03-11', 'completed', false),
       (490, 336, 1, '2021-03-11', 'completed', false),
       (491, 454, 2, '2021-03-12', 'completed', true),
       (492, 396, 1, '2021-03-12', 'completed', true),
       (493, 254, 4, '2021-03-12', 'completed', false),
       (494, 445, 3, '2021-03-12', 'completed', false),
       (495, 86, 5, '2021-03-12', 'completed', false),
       (496, 331, 2, '2021-03-12', 'completed', false),
       (497, 489, 3, '2021-03-12', 'completed', false),
       (498, 344, 1, '2021-03-12', 'completed', false),
       (499, 162, 3, '2021-03-13', 'completed', false),
       (500, 314, 5, '2021-03-13', 'completed', false),
       (501, 18, 5, '2021-03-13', 'completed', false),
       (502, 421, 3, '2021-03-13', 'completed', false),
       (503, 140, 3, '2021-03-13', 'completed', true),
       (504, 239, 5, '2021-03-13', 'completed', true),
       (505, 153, 5, '2021-03-14', 'completed', true),
       (506, 437, 5, '2021-03-14', 'completed', false),
       (507, 27, 3, '2021-03-14', 'completed', true),
       (508, 423, 1, '2021-03-14', 'completed', true),
       (509, 254, 2, '2021-03-14', 'completed', false),
       (510, 394, 4, '2021-03-14', 'completed', true),
       (511, 403, 5, '2021-03-14', 'completed', false),
       (512, 340, 1, '2021-03-14', 'completed', true),
       (513, 75, 4, '2021-03-14', 'completed', false),
       (514, 342, 4, '2021-03-15', 'completed', false),
       (515, 335, 3, '2021-03-15', 'cancelled', true),
       (516, 209, 1, '2021-03-15', 'completed', false),
       (517, 52, 4, '2021-03-15', 'completed', false),
       (518, 83, 2, '2021-03-16', 'completed', false),
       (519, 66, 2, '2021-03-16', 'completed', false),
       (520, 90, 5, '2021-03-16', 'completed', false),
       (521, 80, 1, '2021-03-16', 'completed', false),
       (522, 356, 1, '2021-03-16', 'completed', false),
       (523, 476, 4, '2021-03-17', 'completed', false),
       (524, 2, 4, '2021-03-17', 'completed', false),
       (525, 165, 1, '2021-03-17', 'completed', false),
       (526, 414, 5, '2021-03-17', 'completed', false),
       (527, 410, 3, '2021-03-17', 'completed', false),
       (528, 316, 4, '2021-03-17', 'completed', false),
       (529, 95, 2, '2021-03-17', 'completed', false),
       (530, 435, 2, '2021-03-17', 'completed', false),
       (531, 409, 1, '2021-03-17', 'completed', false),
       (532, 34, 3, '2021-03-17', 'completed', false),
       (533, 123, 1, '2021-03-18', 'completed', false),
       (534, 214, 3, '2021-03-18', 'completed', false),
       (535, 350, 2, '2021-03-18', 'completed', false),
       (536, 387, 1, '2021-03-18', 'completed', false),
       (537, 84, 3, '2021-03-18', 'completed', true),
       (538, 307, 2, '2021-03-18', 'completed', false),
       (539, 287, 1, '2021-03-18', 'completed', false),
       (540, 457, 3, '2021-03-19', 'completed', false),
       (541, 347, 1, '2021-03-19', 'completed', false),
       (542, 44, 4, '2021-03-19', 'completed', false),
       (543, 248, 5, '2021-03-19', 'completed', true),
       (544, 311, 4, '2021-03-19', 'completed', false),
       (545, 124, 2, '2021-03-19', 'completed', false),
       (546, 1, 1, '2021-03-19', 'completed', false),
       (547, 318, 5, '2021-03-19', 'completed', true),
       (548, 104, 3, '2021-03-19', 'completed', false),
       (549, 94, 2, '2021-03-19', 'completed', true),
       (550, 331, 5, '2021-03-20', 'cancelled', true),
       (551, 72, 1, '2021-03-20', 'completed', false),
       (552, 427, 2, '2021-03-20', 'completed', false),
       (553, 116, 3, '2021-03-20', 'cancelled', true),
       (554, 87, 2, '2021-03-20', 'completed', false),
       (555, 359, 1, '2021-03-20', 'completed', false),
       (556, 212, 1, '2021-03-20', 'completed', true),
       (557, 125, 1, '2021-03-20', 'completed', false),
       (558, 320, 4, '2021-03-20', 'completed', false),
       (559, 477, 3, '2021-03-20', 'completed', false),
       (560, 428, 1, '2021-03-21', 'completed', true),
       (561, 92, 3, '2021-03-21', 'completed', false),
       (562, 28, 2, '2021-03-21', 'completed', false),
       (563, 446, 3, '2021-03-21', 'completed', false),
       (564, 281, 2, '2021-03-21', 'completed', false),
       (565, 113, 5, '2021-03-21', 'completed', true),
       (566, 100, 5, '2021-03-21', 'completed', false),
       (567, 243, 1, '2021-03-22', 'completed', false),
       (568, 326, 4, '2021-03-22', 'completed', false),
       (569, 395, 3, '2021-03-22', 'completed', false),
       (570, 452, 3, '2021-03-22', 'completed', false),
       (571, 333, 3, '2021-03-22', 'completed', false),
       (572, 100, 2, '2021-03-22', 'completed', false),
       (573, 462, 1, '2021-03-22', 'completed', false),
       (574, 425, 3, '2021-03-23', 'completed', false),
       (575, 148, 5, '2021-03-23', 'completed', false),
       (576, 126, 5, '2021-03-23', 'completed', false),
       (577, 181, 5, '2021-03-23', 'completed', false),
       (578, 28, 2, '2021-03-23', 'completed', false),
       (579, 133, 3, '2021-03-23', 'completed', false),
       (580, 227, 1, '2021-03-23', 'completed', false),
       (581, 463, 4, '2021-03-23', 'completed', true),
       (582, 20, 5, '2021-03-24', 'completed', true),
       (583, 138, 4, '2021-03-24', 'completed', false),
       (584, 227, 5, '2021-03-24', 'completed', false),
       (585, 145, 3, '2021-03-24', 'completed', false),
       (586, 334, 4, '2021-03-24', 'completed', false),
       (587, 492, 2, '2021-03-24', 'completed', false),
       (588, 12, 2, '2021-03-24', 'completed', false),
       (589, 190, 4, '2021-03-24', 'completed', false),
       (590, 287, 5, '2021-03-25', 'completed', false),
       (591, 74, 3, '2021-03-25', 'completed', false),
       (592, 315, 3, '2021-03-25', 'completed', true),
       (593, 129, 1, '2021-03-25', 'completed', false),
       (594, 249, 3, '2021-03-25', 'completed', false),
       (595, 291, 4, '2021-03-25', 'completed', false),
       (596, 334, 4, '2021-03-25', 'completed', false),
       (597, 282, 5, '2021-03-25', 'cancelled', true),
       (598, 292, 3, '2021-03-25', 'completed', false),
       (599, 415, 2, '2021-03-26', 'completed', false),
       (600, 340, 5, '2021-03-26', 'completed', false),
       (601, 424, 2, '2021-03-26', 'completed', false),
       (602, 168, 5, '2021-03-26', 'completed', false),
       (603, 489, 1, '2021-03-27', 'completed', false),
       (604, 227, 5, '2021-03-27', 'completed', false),
       (605, 248, 4, '2021-03-27', 'completed', false),
       (606, 385, 2, '2021-03-27', 'completed', false),
       (607, 228, 4, '2021-03-27', 'completed', false),
       (608, 153, 2, '2021-03-27', 'completed', false),
       (609, 150, 1, '2021-03-27', 'completed', true),
       (610, 427, 2, '2021-03-28', 'completed', true),
       (611, 304, 3, '2021-03-28', 'completed', false),
       (612, 164, 5, '2021-03-28', 'completed', false),
       (613, 304, 5, '2021-03-28', 'completed', true),
       (614, 430, 3, '2021-03-28', 'completed', true),
       (615, 366, 4, '2021-03-28', 'completed', false),
       (616, 406, 2, '2021-03-28', 'completed', true),
       (617, 76, 4, '2021-03-29', 'completed', false),
       (618, 33, 2, '2021-03-29', 'completed', false),
       (619, 417, 1, '2021-03-29', 'completed', false),
       (620, 375, 1, '2021-03-29', 'completed', false),
       (621, 274, 3, '2021-03-30', 'completed', false),
       (622, 76, 1, '2021-03-30', 'completed', true),
       (623, 433, 1, '2021-03-30', 'completed', false),
       (624, 464, 3, '2021-03-30', 'cancelled', true),
       (625, 235, 4, '2021-03-30', 'completed', false),
       (626, 448, 1, '2021-03-31', 'completed', false),
       (627, 255, 4, '2021-03-31', 'completed', false),
       (628, 205, 3, '2021-03-31', 'completed', false),
       (629, 314, 4, '2021-03-31', 'completed', false),
       (630, 471, 1, '2021-03-31', 'completed', false),
       (631, 62, 1, '2021-03-31', 'completed', false),
       (632, 161, 4, '2021-03-31', 'completed', false),
       (633, 157, 5, '2021-03-31', 'completed', false),
       (634, 72, 5, '2021-03-31', 'completed', true),
       (635, 157, 2, '2021-04-01', 'completed', false),
       (636, 424, 1, '2021-04-01', 'completed', true),
       (637, 404, 4, '2021-04-01', 'completed', false),
       (638, 276, 3, '2021-04-01', 'completed', true),
       (639, 136, 2, '2021-04-01', 'completed', false),
       (640, 290, 5, '2021-04-01', 'completed', true),
       (641, 482, 1, '2021-04-01', 'completed', false),
       (642, 69, 1, '2021-04-02', 'completed', true),
       (643, 90, 5, '2021-04-02', 'completed', false),
       (644, 258, 2, '2021-04-02', 'completed', false),
       (645, 459, 1, '2021-04-02', 'completed', false),
       (646, 300, 4, '2021-04-02', 'completed', false),
       (647, 142, 4, '2021-04-02', 'completed', false),
       (648, 406, 3, '2021-04-02', 'completed', false),
       (649, 470, 3, '2021-04-02', 'completed', false),
       (650, 191, 3, '2021-04-02', 'completed', false),
       (651, 428, 3, '2021-04-02', 'completed', false),
       (652, 86, 1, '2021-04-03', 'completed', false),
       (653, 202, 2, '2021-04-03', 'completed', false),
       (654, 481, 1, '2021-04-03', 'completed', false),
       (655, 489, 4, '2021-04-03', 'completed', true),
       (656, 344, 5, '2021-04-03', 'completed', false),
       (657, 270, 5, '2021-04-03', 'completed', true),
       (658, 488, 1, '2021-04-03', 'completed', false),
       (659, 459, 4, '2021-04-04', 'completed', false),
       (660, 341, 2, '2021-04-04', 'completed', true),
       (661, 357, 1, '2021-04-04', 'completed', false),
       (662, 301, 3, '2021-04-04', 'completed', false),
       (663, 191, 3, '2021-04-04', 'completed', false),
       (664, 268, 5, '2021-04-04', 'completed', true),
       (665, 229, 4, '2021-04-04', 'completed', true),
       (666, 143, 2, '2021-04-05', 'completed', false),
       (667, 432, 3, '2021-04-05', 'completed', false),
       (668, 331, 3, '2021-04-05', 'completed', true),
       (669, 36, 4, '2021-04-05', 'completed', true),
       (670, 264, 5, '2021-04-05', 'completed', false),
       (671, 285, 1, '2021-04-05', 'completed', false),
       (672, 203, 3, '2021-04-05', 'completed', false),
       (673, 67, 3, '2021-04-05', 'completed', false),
       (674, 330, 5, '2021-04-06', 'completed', true),
       (675, 488, 3, '2021-04-06', 'completed', false),
       (676, 314, 4, '2021-04-06', 'completed', false),
       (677, 439, 3, '2021-04-06', 'completed', false),
       (678, 300, 5, '2021-04-06', 'completed', false),
       (679, 420, 2, '2021-04-06', 'cancelled', true),
       (680, 133, 4, '2021-04-06', 'completed', false),
       (681, 129, 3, '2021-04-06', 'completed', true),
       (682, 141, 4, '2021-04-07', 'completed', true),
       (683, 16, 4, '2021-04-07', 'completed', true),
       (684, 161, 1, '2021-04-07', 'completed', false),
       (685, 179, 5, '2021-04-07', 'completed', true),
       (686, 338, 5, '2021-04-07', 'completed', false),
       (687, 410, 2, '2021-04-07', 'completed', false),
       (688, 486, 2, '2021-04-07', 'completed', false),
       (689, 397, 4, '2021-04-07', 'completed', true),
       (690, 237, 3, '2021-04-07', 'completed', false),
       (691, 208, 3, '2021-04-07', 'completed', false),
       (692, 69, 2, '2021-04-08', 'completed', false),
       (693, 48, 5, '2021-04-08', 'completed', true),
       (694, 127, 3, '2021-04-08', 'completed', true),
       (695, 315, 2, '2021-04-08', 'completed', true),
       (696, 390, 2, '2021-04-08', 'completed', false),
       (697, 278, 4, '2021-04-08', 'completed', false),
       (698, 71, 2, '2021-04-08', 'completed', true),
       (699, 298, 2, '2021-04-08', 'completed', false),
       (700, 192, 3, '2021-04-08', 'completed', false),
       (701, 313, 3, '2021-04-08', 'completed', false),
       (702, 149, 4, '2021-04-09', 'completed', false),
       (703, 320, 5, '2021-04-09', 'completed', false),
       (704, 87, 1, '2021-04-09', 'completed', false),
       (705, 70, 3, '2021-04-09', 'completed', false),
       (706, 259, 1, '2021-04-09', 'completed', true),
       (707, 410, 3, '2021-04-09', 'completed', true),
       (708, 233, 2, '2021-04-09', 'completed', false),
       (709, 416, 3, '2021-04-09', 'completed', false),
       (710, 162, 5, '2021-04-09', 'completed', false),
       (711, 24, 2, '2021-04-10', 'completed', true),
       (712, 434, 2, '2021-04-10', 'completed', false),
       (713, 391, 3, '2021-04-10', 'completed', false),
       (714, 10, 1, '2021-04-10', 'completed', false),
       (715, 116, 4, '2021-04-10', 'completed', false),
       (716, 316, 4, '2021-04-10', 'completed', false),
       (717, 439, 2, '2021-04-10', 'completed', false),
       (718, 39, 1, '2021-04-10', 'completed', false),
       (719, 50, 5, '2021-04-10', 'completed', false),
       (720, 102, 4, '2021-04-11', 'completed', false),
       (721, 397, 3, '2021-04-11', 'completed', false),
       (722, 287, 5, '2021-04-11', 'completed', true),
       (723, 384, 5, '2021-04-11', 'completed', false),
       (724, 56, 3, '2021-04-12', 'completed', false),
       (725, 160, 1, '2021-04-12', 'completed', false),
       (726, 88, 2, '2021-04-12', 'completed', false),
       (727, 406, 5, '2021-04-12', 'completed', false),
       (728, 47, 2, '2021-04-13', 'completed', true),
       (729, 232, 2, '2021-04-13', 'completed', false),
       (730, 364, 5, '2021-04-13', 'completed', false),
       (731, 310, 2, '2021-04-13', 'completed', false),
       (732, 455, 2, '2021-04-14', 'completed', false),
       (733, 360, 5, '2021-04-14', 'completed', false),
       (734, 42, 3, '2021-04-14', 'completed', false),
       (735, 153, 5, '2021-04-14', 'completed', true),
       (736, 192, 1, '2021-04-14', 'completed', false),
       (737, 436, 5, '2021-04-15', 'completed', false),
       (738, 305, 1, '2021-04-15', 'completed', true),
       (739, 490, 4, '2021-04-15', 'completed', false),
       (740, 130, 1, '2021-04-15', 'completed', true),
       (741, 87, 1, '2021-04-15', 'completed', false),
       (742, 182, 4, '2021-04-15', 'completed', false),
       (743, 85, 2, '2021-04-15', 'completed', true),
       (744, 378, 4, '2021-04-15', 'completed', false),
       (745, 36, 5, '2021-04-16', 'completed', false),
       (746, 218, 3, '2021-04-16', 'completed', true),
       (747, 13, 1, '2021-04-16', 'completed', false),
       (748, 44, 2, '2021-04-16', 'completed', false),
       (749, 438, 2, '2021-04-16', 'completed', false),
       (750, 307, 2, '2021-04-16', 'completed', true),
       (751, 426, 3, '2021-04-17', 'completed', false),
       (752, 341, 5, '2021-04-17', 'completed', false),
       (753, 418, 4, '2021-04-17', 'completed', true),
       (754, 286, 5, '2021-04-17', 'completed', false),
       (755, 204, 4, '2021-04-17', 'completed', false),
       (756, 34, 4, '2021-04-17', 'completed', false),
       (757, 221, 4, '2021-04-17', 'completed', true),
       (758, 297, 1, '2021-04-18', 'completed', false),
       (759, 277, 3, '2021-04-18', 'completed', false),
       (760, 448, 4, '2021-04-18', 'cancelled', true),
       (761, 190, 4, '2021-04-18', 'completed', false),
       (762, 273, 4, '2021-04-18', 'completed', true),
       (763, 85, 1, '2021-04-18', 'completed', false),
       (764, 329, 2, '2021-04-18', 'completed', false),
       (765, 477, 1, '2021-04-18', 'completed', true),
       (766, 420, 3, '2021-04-18', 'completed', true),
       (767, 262, 5, '2021-04-18', 'completed', false),
       (768, 144, 3, '2021-04-19', 'completed', false),
       (769, 390, 1, '2021-04-19', 'completed', false),
       (770, 391, 3, '2021-04-19', 'completed', true),
       (771, 46, 4, '2021-04-19', 'completed', false),
       (772, 479, 4, '2021-04-19', 'completed', false),
       (773, 201, 1, '2021-04-19', 'completed', false),
       (774, 355, 3, '2021-04-19', 'completed', true),
       (775, 285, 3, '2021-04-19', 'completed', false),
       (776, 404, 3, '2021-04-19', 'completed', false),
       (777, 296, 3, '2021-04-19', 'completed', false),
       (778, 251, 2, '2021-04-20', 'completed', false),
       (779, 498, 3, '2021-04-20', 'completed', false),
       (780, 335, 1, '2021-04-20', 'completed', false),
       (781, 102, 4, '2021-04-20', 'completed', false),
       (782, 352, 4, '2021-04-20', 'completed', true),
       (783, 371, 5, '2021-04-20', 'completed', false),
       (784, 96, 3, '2021-04-20', 'completed', false),
       (785, 326, 3, '2021-04-20', 'completed', false),
       (786, 301, 3, '2021-04-20', 'completed', false),
       (787, 10, 2, '2021-04-20', 'completed', false),
       (788, 99, 2, '2021-04-21', 'completed', false),
       (789, 338, 2, '2021-04-21', 'completed', false),
       (790, 391, 3, '2021-04-21', 'completed', false),
       (791, 368, 5, '2021-04-21', 'completed', true),
       (792, 328, 1, '2021-04-21', 'completed', false),
       (793, 431, 4, '2021-04-21', 'completed', false),
       (794, 238, 5, '2021-04-21', 'completed', true),
       (795, 291, 4, '2021-04-21', 'completed', false),
       (796, 402, 4, '2021-04-21', 'completed', true),
       (797, 467, 1, '2021-04-22', 'completed', true),
       (798, 116, 2, '2021-04-22', 'cancelled', true),
       (799, 291, 3, '2021-04-22', 'completed', false),
       (800, 442, 3, '2021-04-22', 'completed', true),
       (801, 392, 1, '2021-04-22', 'completed', false),
       (802, 437, 2, '2021-04-22', 'completed', false),
       (803, 89, 2, '2021-04-22', 'completed', false),
       (804, 141, 1, '2021-04-22', 'completed', false),
       (805, 346, 3, '2021-04-23', 'completed', false),
       (806, 439, 1, '2021-04-23', 'completed', false),
       (807, 38, 3, '2021-04-23', 'completed', true),
       (808, 146, 2, '2021-04-23', 'completed', true),
       (809, 118, 5, '2021-04-23', 'completed', true),
       (810, 56, 3, '2021-04-23', 'completed', false),
       (811, 104, 1, '2021-04-23', 'completed', false),
       (812, 27, 5, '2021-04-24', 'completed', false),
       (813, 382, 1, '2021-04-24', 'completed', false),
       (814, 204, 2, '2021-04-24', 'completed', false),
       (815, 291, 2, '2021-04-24', 'completed', false),
       (816, 29, 4, '2021-04-24', 'completed', false),
       (817, 125, 5, '2021-04-25', 'completed', false),
       (818, 455, 3, '2021-04-25', 'completed', false),
       (819, 178, 5, '2021-04-25', 'completed', false),
       (820, 241, 4, '2021-04-25', 'completed', true),
       (821, 261, 4, '2021-04-25', 'completed', false),
       (822, 136, 1, '2021-04-25', 'completed', false),
       (823, 327, 2, '2021-04-25', 'completed', false),
       (824, 242, 3, '2021-04-25', 'completed', false),
       (825, 403, 5, '2021-04-25', 'completed', false),
       (826, 221, 3, '2021-04-25', 'completed', false),
       (827, 6, 3, '2021-04-26', 'completed', true),
       (828, 411, 4, '2021-04-26', 'completed', false),
       (829, 428, 1, '2021-04-26', 'completed', false),
       (830, 279, 2, '2021-04-26', 'completed', false),
       (831, 348, 3, '2021-04-26', 'completed', true),
       (832, 167, 1, '2021-04-26', 'completed', true),
       (833, 62, 3, '2021-04-26', 'completed', false),
       (834, 191, 2, '2021-04-26', 'completed', true),
       (835, 408, 1, '2021-04-26', 'completed', false),
       (836, 135, 3, '2021-04-26', 'completed', true),
       (837, 398, 3, '2021-04-27', 'completed', false),
       (838, 21, 5, '2021-04-27', 'completed', true),
       (839, 389, 4, '2021-04-27', 'completed', false),
       (840, 281, 4, '2021-04-27', 'completed', false),
       (841, 474, 5, '2021-04-27', 'completed', true),
       (842, 445, 2, '2021-04-27', 'completed', false),
       (843, 254, 5, '2021-04-27', 'completed', false),
       (844, 188, 3, '2021-04-27', 'completed', false),
       (845, 220, 2, '2021-04-28', 'completed', true),
       (846, 157, 2, '2021-04-28', 'completed', false),
       (847, 70, 3, '2021-04-28', 'completed', false),
       (848, 496, 1, '2021-04-28', 'completed', true),
       (849, 148, 3, '2021-04-28', 'completed', false),
       (850, 128, 5, '2021-04-28', 'completed', false),
       (851, 71, 5, '2021-04-28', 'completed', false),
       (852, 70, 5, '2021-04-28', 'completed', false),
       (853, 463, 4, '2021-04-28', 'completed', false),
       (854, 426, 3, '2021-04-29', 'completed', false),
       (855, 259, 3, '2021-04-29', 'completed', true),
       (856, 290, 1, '2021-04-29', 'completed', false),
       (857, 73, 5, '2021-04-29', 'completed', false),
       (858, 177, 4, '2021-04-29', 'completed', true),
       (859, 56, 3, '2021-04-30', 'completed', false),
       (860, 97, 5, '2021-04-30', 'completed', false),
       (861, 292, 2, '2021-04-30', 'completed', true),
       (862, 239, 4, '2021-04-30', 'completed', false),
       (863, 127, 1, '2021-05-01', 'completed', false),
       (864, 69, 2, '2021-05-01', 'completed', false),
       (865, 35, 5, '2021-05-01', 'completed', true),
       (866, 221, 5, '2021-05-01', 'completed', false),
       (867, 132, 5, '2021-05-01', 'completed', false),
       (868, 192, 2, '2021-05-01', 'completed', false),
       (869, 73, 2, '2021-05-02', 'completed', false),
       (870, 167, 2, '2021-05-02', 'completed', true),
       (871, 298, 5, '2021-05-02', 'completed', false),
       (872, 299, 4, '2021-05-02', 'completed', false),
       (873, 388, 1, '2021-05-03', 'completed', false),
       (874, 36, 4, '2021-05-03', 'completed', false),
       (875, 421, 4, '2021-05-03', 'completed', false),
       (876, 143, 4, '2021-05-03', 'completed', true),
       (877, 325, 5, '2021-05-04', 'completed', false),
       (878, 292, 5, '2021-05-04', 'completed', true),
       (879, 416, 1, '2021-05-04', 'completed', false),
       (880, 157, 5, '2021-05-04', 'completed', false),
       (881, 441, 3, '2021-05-05', 'completed', true),
       (882, 52, 2, '2021-05-05', 'completed', false),
       (883, 306, 3, '2021-05-05', 'completed', false),
       (884, 124, 1, '2021-05-05', 'completed', false),
       (885, 492, 3, '2021-05-05', 'completed', false),
       (886, 315, 5, '2021-05-06', 'completed', false),
       (887, 120, 2, '2021-05-06', 'completed', false),
       (888, 165, 2, '2021-05-06', 'completed', true),
       (889, 317, 1, '2021-05-06', 'completed', false),
       (890, 387, 5, '2021-05-07', 'completed', false),
       (891, 211, 4, '2021-05-07', 'completed', false),
       (892, 364, 4, '2021-05-07', 'completed', true),
       (893, 399, 1, '2021-05-07', 'completed', true),
       (894, 257, 5, '2021-05-07', 'completed', false),
       (895, 32, 3, '2021-05-08', 'completed', false),
       (896, 299, 1, '2021-05-08', 'completed', false),
       (897, 14, 4, '2021-05-08', 'completed', false),
       (898, 260, 3, '2021-05-08', 'completed', false),
       (899, 206, 1, '2021-05-08', 'completed', false),
       (900, 70, 4, '2021-05-08', 'completed', false),
       (901, 167, 5, '2021-05-08', 'completed', false),
       (902, 338, 4, '2021-05-08', 'completed', false),
       (903, 86, 3, '2021-05-08', 'completed', false),
       (904, 334, 5, '2021-05-08', 'completed', false),
       (905, 315, 3, '2021-05-09', 'completed', false),
       (906, 320, 3, '2021-05-09', 'completed', false),
       (907, 182, 4, '2021-05-09', 'completed', false),
       (908, 126, 4, '2021-05-09', 'completed', false),
       (909, 405, 1, '2021-05-09', 'completed', true),
       (910, 140, 5, '2021-05-09', 'completed', false),
       (911, 259, 1, '2021-05-09', 'completed', false),
       (912, 493, 4, '2021-05-10', 'completed', false),
       (913, 308, 4, '2021-05-10', 'cancelled', true),
       (914, 163, 5, '2021-05-10', 'completed', false),
       (915, 144, 4, '2021-05-10', 'completed', false),
       (916, 262, 3, '2021-05-10', 'completed', false),
       (917, 66, 2, '2021-05-10', 'completed', true),
       (918, 239, 4, '2021-05-10', 'completed', false),
       (919, 470, 5, '2021-05-10', 'completed', false),
       (920, 391, 4, '2021-05-10', 'completed', false),
       (921, 369, 5, '2021-05-10', 'completed', false),
       (922, 403, 2, '2021-05-11', 'completed', true),
       (923, 178, 5, '2021-05-11', 'completed', true),
       (924, 366, 5, '2021-05-11', 'completed', false),
       (925, 469, 4, '2021-05-11', 'completed', false),
       (926, 250, 5, '2021-05-11', 'completed', false),
       (927, 22, 2, '2021-05-11', 'completed', false),
       (928, 469, 2, '2021-05-11', 'completed', false),
       (929, 151, 2, '2021-05-11', 'completed', false),
       (930, 333, 3, '2021-05-11', 'completed', false),
       (931, 207, 1, '2021-05-11', 'completed', false),
       (932, 156, 3, '2021-05-12', 'completed', false),
       (933, 398, 3, '2021-05-12', 'completed', true),
       (934, 321, 2, '2021-05-12', 'completed', true),
       (935, 410, 2, '2021-05-12', 'completed', false),
       (936, 61, 5, '2021-05-12', 'completed', true),
       (937, 82, 1, '2021-05-12', 'completed', true),
       (938, 67, 5, '2021-05-12', 'completed', false),
       (939, 139, 2, '2021-05-12', 'completed', false),
       (940, 369, 2, '2021-05-12', 'completed', false),
       (941, 48, 3, '2021-05-12', 'cancelled', true),
       (942, 175, 1, '2021-05-13', 'completed', true),
       (943, 426, 5, '2021-05-13', 'completed', false),
       (944, 455, 1, '2021-05-13', 'completed', false),
       (945, 455, 2, '2021-05-13', 'completed', true),
       (946, 287, 5, '2021-05-14', 'completed', false),
       (947, 153, 5, '2021-05-14', 'completed', false),
       (948, 354, 2, '2021-05-14', 'completed', false),
       (949, 125, 5, '2021-05-14', 'completed', false),
       (950, 256, 5, '2021-05-14', 'completed', false),
       (951, 340, 2, '2021-05-14', 'completed', false),
       (952, 202, 4, '2021-05-14', 'completed', false),
       (953, 341, 1, '2021-05-14', 'completed', false),
       (954, 428, 3, '2021-05-14', 'completed', false),
       (955, 255, 1, '2021-05-14', 'completed', false),
       (956, 133, 3, '2021-05-15', 'completed', false),
       (957, 221, 3, '2021-05-15', 'completed', false),
       (958, 404, 4, '2021-05-15', 'completed', false),
       (959, 112, 1, '2021-05-15', 'completed', true),
       (960, 365, 1, '2021-05-15', 'completed', false),
       (961, 446, 2, '2021-05-15', 'completed', false),
       (962, 374, 1, '2021-05-15', 'completed', false),
       (963, 376, 1, '2021-05-15', 'completed', false),
       (964, 203, 5, '2021-05-15', 'completed', false),
       (965, 294, 2, '2021-05-15', 'completed', true),
       (966, 25, 5, '2021-05-16', 'completed', false),
       (967, 360, 5, '2021-05-16', 'completed', false),
       (968, 44, 4, '2021-05-16', 'completed', false),
       (969, 261, 2, '2021-05-16', 'completed', false),
       (970, 176, 2, '2021-05-16', 'completed', true),
       (971, 253, 5, '2021-05-16', 'completed', true),
       (972, 263, 5, '2021-05-16', 'completed', false),
       (973, 220, 2, '2021-05-16', 'completed', false),
       (974, 262, 1, '2021-05-16', 'completed', false),
       (975, 411, 4, '2021-05-16', 'completed', false),
       (976, 15, 4, '2021-05-17', 'completed', false),
       (977, 399, 3, '2021-05-17', 'completed', true),
       (978, 204, 4, '2021-05-17', 'completed', false),
       (979, 491, 1, '2021-05-17', 'completed', true),
       (980, 44, 4, '2021-05-17', 'completed', true),
       (981, 100, 2, '2021-05-17', 'completed', false),
       (982, 356, 3, '2021-05-17', 'completed', false),
       (983, 284, 1, '2021-05-17', 'completed', false),
       (984, 222, 4, '2021-05-17', 'completed', false),
       (985, 485, 4, '2021-05-18', 'completed', false),
       (986, 193, 4, '2021-05-18', 'completed', false),
       (987, 433, 5, '2021-05-18', 'completed', false),
       (988, 385, 2, '2021-05-18', 'completed', false),
       (989, 422, 2, '2021-05-19', 'completed', false),
       (990, 97, 5, '2021-05-19', 'completed', false),
       (991, 63, 3, '2021-05-19', 'completed', true),
       (992, 357, 4, '2021-05-19', 'completed', true),
       (993, 309, 2, '2021-05-19', 'completed', false),
       (994, 355, 2, '2021-05-20', 'completed', false),
       (995, 473, 3, '2021-05-20', 'completed', false),
       (996, 443, 3, '2021-05-20', 'completed', false),
       (997, 107, 4, '2021-05-20', 'completed', true),
       (998, 131, 2, '2021-05-20', 'completed', false),
       (999, 298, 1, '2021-05-20', 'completed', true),
       (1000, 189, 2, '2021-05-20', 'completed', false),
       (1001, 261, 4, '2021-05-20', 'completed', false),
       (1002, 366, 5, '2021-05-20', 'completed', false),
       (1003, 306, 2, '2021-05-21', 'cancelled', true),
       (1004, 492, 1, '2021-05-21', 'completed', false),
       (1005, 238, 1, '2021-05-21', 'completed', false),
       (1006, 31, 4, '2021-05-21', 'completed', true),
       (1007, 257, 1, '2021-05-22', 'completed', false),
       (1008, 482, 4, '2021-05-22', 'completed', false),
       (1009, 200, 4, '2021-05-22', 'completed', true),
       (1010, 49, 2, '2021-05-22', 'completed', false),
       (1011, 494, 1, '2021-05-23', 'completed', false),
       (1012, 449, 4, '2021-05-23', 'completed', false),
       (1013, 236, 3, '2021-05-23', 'completed', false),
       (1014, 81, 2, '2021-05-23', 'completed', true),
       (1015, 345, 4, '2021-05-23', 'completed', false),
       (1016, 127, 5, '2021-05-23', 'completed', false),
       (1017, 456, 2, '2021-05-23', 'completed', false),
       (1018, 497, 2, '2021-05-23', 'completed', true),
       (1019, 386, 5, '2021-05-23', 'completed', false),
       (1020, 149, 2, '2021-05-23', 'completed', false),
       (1021, 444, 3, '2021-05-24', 'completed', true),
       (1022, 318, 4, '2021-05-24', 'completed', false),
       (1023, 81, 1, '2021-05-24', 'completed', false),
       (1024, 112, 2, '2021-05-24', 'completed', false),
       (1025, 233, 3, '2021-05-24', 'completed', true),
       (1026, 275, 2, '2021-05-25', 'completed', true),
       (1027, 194, 2, '2021-05-25', 'completed', false),
       (1028, 235, 5, '2021-05-25', 'completed', false),
       (1029, 450, 1, '2021-05-25', 'completed', true),
       (1030, 486, 4, '2021-05-25', 'completed', false),
       (1031, 117, 3, '2021-05-25', 'completed', true),
       (1032, 465, 1, '2021-05-25', 'completed', true),
       (1033, 234, 2, '2021-05-25', 'completed', true),
       (1034, 306, 4, '2021-05-26', 'completed', false),
       (1035, 78, 5, '2021-05-26', 'completed', false),
       (1036, 413, 3, '2021-05-26', 'completed', true),
       (1037, 394, 4, '2021-05-26', 'completed', false),
       (1038, 382, 2, '2021-05-26', 'completed', false),
       (1039, 217, 5, '2021-05-26', 'completed', false),
       (1040, 224, 3, '2021-05-27', 'completed', false),
       (1041, 115, 5, '2021-05-27', 'completed', false),
       (1042, 167, 2, '2021-05-27', 'completed', false),
       (1043, 256, 1, '2021-05-27', 'completed', true),
       (1044, 155, 4, '2021-05-27', 'completed', false),
       (1045, 456, 4, '2021-05-27', 'completed', false),
       (1046, 347, 5, '2021-05-28', 'completed', false),
       (1047, 165, 3, '2021-05-28', 'completed', false),
       (1048, 165, 4, '2021-05-28', 'completed', false),
       (1049, 101, 3, '2021-05-28', 'completed', false),
       (1050, 233, 4, '2021-05-28', 'completed', false),
       (1051, 162, 2, '2021-05-29', 'cancelled', true),
       (1052, 156, 1, '2021-05-29', 'completed', false),
       (1053, 457, 2, '2021-05-29', 'completed', false),
       (1054, 181, 5, '2021-05-29', 'completed', false),
       (1055, 281, 1, '2021-05-29', 'completed', false),
       (1056, 407, 5, '2021-05-29', 'completed', false),
       (1057, 173, 3, '2021-05-29', 'completed', true),
       (1058, 205, 3, '2021-05-29', 'completed', false),
       (1059, 223, 3, '2021-05-29', 'completed', false),
       (1060, 273, 5, '2021-05-30', 'completed', false),
       (1061, 332, 3, '2021-05-30', 'completed', true),
       (1062, 76, 1, '2021-05-30', 'completed', true),
       (1063, 422, 1, '2021-05-30', 'completed', true),
       (1064, 135, 1, '2021-05-30', 'completed', false),
       (1065, 153, 1, '2021-05-30', 'completed', false),
       (1066, 313, 5, '2021-05-30', 'completed', true),
       (1067, 36, 4, '2021-05-31', 'completed', false),
       (1068, 291, 4, '2021-05-31', 'completed', false),
       (1069, 133, 1, '2021-05-31', 'completed', true),
       (1070, 24, 2, '2021-05-31', 'completed', false),
       (1071, 247, 4, '2021-05-31', 'completed', false),
       (1072, 486, 2, '2021-05-31', 'completed', false),
       (1073, 264, 3, '2021-05-31', 'cancelled', true),
       (1074, 321, 3, '2021-05-31', 'completed', false),
       (1075, 358, 3, '2021-05-31', 'completed', false),
       (1076, 403, 5, '2021-05-31', 'completed', false),
       (1077, 405, 1, '2021-06-01', 'cancelled', true),
       (1078, 267, 1, '2021-06-01', 'completed', false),
       (1079, 489, 3, '2021-06-01', 'completed', false),
       (1080, 257, 1, '2021-06-01', 'completed', true),
       (1081, 169, 5, '2021-06-01', 'completed', false),
       (1082, 264, 3, '2021-06-01', 'completed', true),
       (1083, 329, 1, '2021-06-01', 'completed', false),
       (1084, 338, 4, '2021-06-01', 'completed', false),
       (1085, 302, 3, '2021-06-01', 'completed', false),
       (1086, 250, 4, '2021-06-01', 'completed', true),
       (1087, 121, 2, '2021-06-02', 'completed', false),
       (1088, 234, 3, '2021-06-02', 'completed', true),
       (1089, 275, 3, '2021-06-02', 'completed', false),
       (1090, 6, 1, '2021-06-02', 'completed', false),
       (1091, 195, 5, '2021-06-02', 'completed', false),
       (1092, 486, 4, '2021-06-02', 'completed', false),
       (1093, 422, 2, '2021-06-02', 'completed', false),
       (1094, 32, 3, '2021-06-02', 'completed', true),
       (1095, 246, 4, '2021-06-02', 'completed', false),
       (1096, 496, 5, '2021-06-03', 'completed', false),
       (1097, 55, 2, '2021-06-03', 'completed', false),
       (1098, 407, 4, '2021-06-03', 'completed', true),
       (1099, 232, 1, '2021-06-03', 'completed', false),
       (1100, 161, 2, '2021-06-04', 'open', false);

insert into order_details (order_id, dish_id, quantity)
values (1, 16, 2),
       (1, 25, 5),
       (1, 30, 5),
       (1, 22, 2),
       (2, 13, 5),
       (3, 14, 1),
       (3, 10, 2),
       (3, 16, 4),
       (3, 21, 1),
       (3, 30, 1),
       (4, 31, 5),
       (4, 12, 3),
       (4, 10, 4),
       (4, 0, 1),
       (4, 1, 5),
       (4, 9, 3),
       (5, 3, 4),
       (5, 34, 2),
       (5, 1, 1),
       (5, 0, 2),
       (5, 33, 1),
       (5, 19, 1),
       (6, 8, 2),
       (6, 35, 3),
       (6, 34, 2),
       (6, 16, 5),
       (6, 12, 2),
       (7, 19, 4),
       (7, 6, 5),
       (7, 16, 1),
       (7, 22, 4),
       (8, 34, 3),
       (8, 22, 1),
       (8, 3, 1),
       (9, 25, 1),
       (9, 22, 4),
       (9, 4, 3),
       (9, 32, 3),
       (9, 30, 4),
       (10, 14, 5),
       (11, 9, 2),
       (11, 22, 5),
       (12, 24, 2),
       (12, 3, 4),
       (12, 37, 1),
       (12, 2, 5),
       (12, 30, 1),
       (12, 7, 1),
       (13, 33, 1),
       (13, 10, 3),
       (13, 21, 2),
       (14, 35, 2),
       (14, 7, 2),
       (14, 31, 4),
       (15, 23, 5),
       (15, 17, 1),
       (15, 31, 2),
       (16, 22, 4),
       (16, 21, 1),
       (17, 21, 3),
       (17, 23, 2),
       (17, 22, 4),
       (17, 5, 4),
       (18, 3, 2),
       (18, 4, 4),
       (19, 36, 3),
       (19, 32, 5),
       (19, 12, 1),
       (19, 10, 5),
       (19, 31, 2),
       (20, 37, 4),
       (20, 36, 2),
       (20, 31, 4),
       (20, 3, 2),
       (21, 0, 5),
       (22, 1, 2),
       (22, 33, 1),
       (22, 3, 1),
       (23, 13, 5),
       (24, 35, 3),
       (24, 20, 3),
       (24, 17, 2),
       (24, 1, 4),
       (24, 22, 5),
       (25, 1, 4),
       (25, 37, 1),
       (25, 7, 1),
       (25, 8, 4),
       (26, 3, 2),
       (27, 19, 1),
       (27, 17, 2),
       (27, 25, 4),
       (27, 23, 5),
       (27, 21, 3),
       (27, 33, 4),
       (28, 14, 5),
       (28, 25, 2),
       (28, 17, 1),
       (28, 1, 3),
       (28, 10, 4),
       (28, 11, 4),
       (29, 37, 5),
       (29, 17, 1),
       (30, 4, 2),
       (30, 18, 1),
       (30, 11, 2),
       (30, 17, 5),
       (30, 9, 4),
       (31, 5, 4),
       (31, 16, 5),
       (31, 0, 1),
       (31, 31, 3),
       (32, 11, 1),
       (32, 34, 3),
       (32, 14, 3),
       (32, 3, 3),
       (32, 36, 2),
       (33, 13, 3),
       (33, 17, 4),
       (33, 31, 2),
       (33, 20, 3),
       (33, 0, 1),
       (34, 18, 5),
       (34, 21, 3),
       (34, 23, 5),
       (35, 12, 1),
       (35, 24, 4),
       (36, 22, 3),
       (36, 35, 4),
       (36, 37, 5),
       (36, 1, 3),
       (37, 8, 4),
       (37, 22, 4),
       (37, 18, 2),
       (37, 11, 3),
       (38, 13, 5),
       (38, 1, 4),
       (39, 2, 5),
       (39, 13, 4),
       (39, 24, 4),
       (39, 35, 2),
       (39, 3, 3),
       (39, 5, 3),
       (40, 34, 1),
       (40, 4, 5),
       (40, 19, 4),
       (40, 16, 5),
       (40, 2, 4),
       (40, 36, 4),
       (41, 33, 1),
       (42, 18, 2),
       (42, 15, 2),
       (42, 6, 1),
       (42, 34, 2),
       (43, 20, 2),
       (44, 32, 3),
       (44, 10, 2),
       (44, 35, 3),
       (44, 12, 3),
       (45, 3, 2),
       (45, 13, 3),
       (45, 33, 4),
       (45, 11, 4),
       (45, 31, 2),
       (46, 34, 1),
       (46, 2, 2),
       (46, 7, 4),
       (46, 9, 2),
       (47, 30, 5),
       (47, 15, 2),
       (47, 35, 3),
       (47, 7, 5),
       (48, 10, 2),
       (49, 21, 1),
       (50, 24, 2),
       (50, 5, 3),
       (51, 18, 3),
       (52, 3, 3),
       (52, 13, 5),
       (52, 33, 3),
       (52, 37, 2),
       (52, 24, 2),
       (53, 16, 3),
       (53, 22, 5),
       (53, 6, 3),
       (53, 35, 5),
       (53, 32, 3),
       (54, 15, 5),
       (54, 23, 2),
       (54, 20, 3),
       (54, 16, 5),
       (54, 32, 3),
       (54, 30, 3),
       (55, 24, 5),
       (55, 16, 2),
       (55, 13, 5),
       (56, 25, 5),
       (56, 23, 2),
       (56, 5, 5),
       (56, 31, 1),
       (56, 16, 3),
       (56, 9, 5),
       (57, 15, 4),
       (58, 12, 2),
       (58, 19, 4),
       (58, 0, 2),
       (58, 36, 3),
       (58, 9, 5),
       (59, 21, 4),
       (59, 36, 1),
       (59, 2, 5),
       (60, 18, 5),
       (60, 7, 5),
       (60, 32, 4),
       (60, 24, 2),
       (61, 1, 3),
       (62, 20, 2),
       (63, 11, 1),
       (63, 7, 1),
       (63, 21, 4),
       (63, 8, 3),
       (63, 19, 3),
       (64, 24, 1),
       (64, 3, 4),
       (64, 17, 5),
       (64, 5, 1),
       (64, 14, 1),
       (65, 25, 4),
       (65, 37, 5),
       (65, 0, 2),
       (65, 23, 1),
       (65, 19, 2),
       (66, 21, 1),
       (66, 11, 5),
       (66, 6, 5),
       (67, 25, 1),
       (67, 14, 4),
       (67, 11, 4),
       (67, 9, 4),
       (68, 34, 4),
       (69, 13, 5),
       (70, 4, 3),
       (70, 23, 4),
       (70, 36, 1),
       (70, 0, 3),
       (70, 21, 3),
       (71, 22, 5),
       (72, 36, 5),
       (73, 24, 4),
       (73, 34, 1),
       (73, 4, 5),
       (73, 17, 2),
       (73, 22, 2),
       (74, 17, 1),
       (74, 4, 5),
       (74, 30, 5),
       (75, 30, 2),
       (75, 24, 4),
       (75, 20, 1),
       (75, 4, 4),
       (75, 33, 5),
       (76, 13, 2),
       (76, 35, 3),
       (76, 25, 1),
       (76, 24, 1),
       (77, 25, 1),
       (78, 2, 5),
       (78, 4, 3),
       (78, 31, 4),
       (78, 34, 2),
       (78, 9, 1),
       (79, 4, 2),
       (80, 16, 5),
       (80, 23, 5),
       (80, 20, 1),
       (80, 9, 5),
       (81, 7, 5),
       (81, 11, 3),
       (81, 17, 1),
       (81, 2, 1),
       (81, 24, 5),
       (81, 18, 4),
       (82, 18, 4),
       (82, 9, 2),
       (82, 12, 5),
       (82, 3, 3),
       (82, 33, 5),
       (82, 13, 4),
       (83, 4, 5),
       (84, 30, 3),
       (85, 20, 5),
       (85, 0, 1),
       (85, 4, 4),
       (86, 25, 5),
       (87, 18, 3),
       (87, 16, 2),
       (87, 11, 4),
       (87, 5, 2),
       (87, 33, 5),
       (87, 36, 1),
       (88, 1, 4),
       (88, 23, 4),
       (88, 18, 3),
       (88, 9, 5),
       (88, 31, 4),
       (89, 19, 1),
       (89, 13, 3),
       (89, 20, 5),
       (89, 16, 1),
       (89, 25, 2),
       (90, 1, 3),
       (90, 3, 4),
       (90, 23, 5),
       (90, 37, 3),
       (90, 15, 5),
       (90, 4, 5),
       (91, 16, 1),
       (91, 3, 3),
       (91, 14, 3),
       (92, 37, 3),
       (92, 23, 2),
       (92, 24, 2),
       (92, 35, 5),
       (92, 7, 1),
       (93, 21, 2),
       (93, 17, 2),
       (93, 16, 4),
       (93, 25, 3),
       (94, 37, 4),
       (94, 24, 3),
       (94, 16, 3),
       (94, 3, 4),
       (95, 11, 5),
       (95, 13, 5),
       (95, 4, 3),
       (95, 9, 1),
       (95, 24, 3),
       (96, 34, 2),
       (96, 0, 4),
       (96, 32, 1),
       (97, 21, 3),
       (97, 9, 3),
       (98, 32, 1),
       (98, 14, 4),
       (98, 35, 3),
       (98, 11, 2),
       (98, 16, 2),
       (98, 19, 2),
       (99, 7, 2),
       (99, 18, 1),
       (99, 25, 5),
       (99, 31, 5),
       (99, 11, 1),
       (99, 10, 2),
       (100, 35, 5),
       (100, 2, 1),
       (100, 37, 5),
       (100, 0, 3),
       (100, 8, 3),
       (101, 25, 1),
       (101, 7, 2),
       (101, 13, 4),
       (101, 35, 1),
       (101, 12, 5),
       (101, 37, 5),
       (102, 9, 2),
       (102, 25, 1),
       (102, 12, 4),
       (103, 7, 1),
       (103, 35, 2),
       (103, 17, 2),
       (103, 18, 2),
       (103, 3, 4),
       (103, 9, 4),
       (104, 2, 4),
       (104, 35, 1),
       (104, 20, 2),
       (104, 37, 5),
       (105, 25, 4),
       (105, 22, 1),
       (105, 30, 2),
       (105, 31, 4),
       (106, 34, 1),
       (106, 10, 5),
       (106, 23, 3),
       (106, 2, 3),
       (106, 25, 4),
       (107, 32, 1),
       (107, 21, 3),
       (107, 22, 3),
       (108, 17, 3),
       (108, 25, 3),
       (108, 9, 1),
       (108, 10, 5),
       (109, 6, 4),
       (109, 8, 5),
       (110, 24, 4),
       (110, 11, 4),
       (111, 3, 5),
       (111, 8, 2),
       (111, 0, 5),
       (111, 35, 2),
       (111, 6, 4),
       (112, 12, 3),
       (112, 4, 1),
       (112, 37, 3),
       (112, 15, 2),
       (113, 0, 5),
       (113, 4, 5),
       (113, 31, 1),
       (113, 23, 4),
       (113, 1, 1),
       (113, 11, 4),
       (114, 19, 4),
       (114, 18, 4),
       (114, 37, 3),
       (114, 21, 5),
       (115, 37, 1),
       (115, 35, 5),
       (115, 16, 1),
       (115, 3, 5),
       (116, 23, 3),
       (117, 18, 3),
       (117, 1, 3),
       (117, 16, 2),
       (117, 36, 3),
       (117, 32, 4),
       (117, 22, 2),
       (118, 24, 4),
       (118, 6, 1),
       (118, 4, 4),
       (119, 25, 3),
       (119, 24, 4),
       (119, 1, 3),
       (119, 0, 5),
       (119, 6, 2),
       (120, 18, 4),
       (120, 11, 4),
       (120, 37, 2),
       (120, 33, 1),
       (121, 16, 1),
       (121, 11, 5),
       (121, 7, 1),
       (121, 24, 3),
       (121, 5, 5),
       (122, 33, 4),
       (122, 0, 2),
       (122, 11, 1),
       (122, 13, 4),
       (122, 23, 3),
       (122, 19, 3),
       (123, 7, 3),
       (123, 13, 5),
       (123, 17, 2),
       (123, 37, 3),
       (124, 10, 1),
       (125, 34, 1),
       (125, 19, 3),
       (126, 22, 1),
       (126, 16, 4),
       (126, 32, 3),
       (126, 14, 4),
       (126, 24, 5),
       (126, 1, 4),
       (127, 2, 3),
       (128, 17, 3),
       (128, 9, 3),
       (128, 35, 4),
       (129, 6, 3),
       (129, 0, 2),
       (129, 3, 5),
       (129, 19, 5),
       (129, 36, 2),
       (130, 0, 4),
       (131, 35, 1),
       (131, 17, 4),
       (131, 32, 1),
       (132, 18, 3),
       (132, 4, 1),
       (133, 35, 1),
       (133, 13, 1),
       (133, 9, 5),
       (134, 32, 1),
       (134, 19, 1),
       (134, 11, 2),
       (134, 34, 1),
       (134, 37, 1),
       (135, 3, 4),
       (135, 2, 3),
       (135, 23, 4),
       (135, 19, 4),
       (136, 37, 5),
       (136, 17, 3),
       (136, 2, 2),
       (136, 12, 4),
       (136, 16, 4),
       (136, 15, 4),
       (137, 13, 2),
       (137, 21, 3),
       (137, 14, 1),
       (137, 10, 5),
       (137, 36, 4),
       (137, 0, 4),
       (138, 12, 1),
       (138, 24, 1),
       (138, 11, 1),
       (138, 35, 3),
       (138, 4, 4),
       (139, 16, 4),
       (139, 3, 1),
       (139, 12, 3),
       (139, 20, 1),
       (139, 14, 3),
       (139, 1, 3),
       (140, 21, 5),
       (140, 37, 3),
       (140, 8, 1),
       (140, 19, 2),
       (140, 20, 5),
       (141, 8, 5),
       (141, 36, 5),
       (142, 16, 4),
       (143, 20, 3),
       (143, 5, 2),
       (143, 30, 5),
       (143, 35, 5),
       (144, 15, 5),
       (144, 10, 1),
       (144, 0, 3),
       (145, 17, 3),
       (146, 8, 3),
       (146, 31, 3),
       (146, 1, 2),
       (146, 33, 5),
       (146, 25, 3),
       (146, 20, 1),
       (147, 35, 2),
       (147, 18, 5),
       (147, 37, 3),
       (147, 10, 2),
       (147, 30, 5),
       (148, 14, 5),
       (148, 33, 2),
       (148, 34, 5),
       (149, 31, 3),
       (150, 32, 1),
       (150, 36, 2),
       (151, 15, 5),
       (151, 35, 1),
       (152, 2, 3),
       (152, 1, 5),
       (152, 4, 2),
       (152, 16, 1),
       (152, 6, 3),
       (153, 15, 1),
       (153, 2, 2),
       (153, 10, 5),
       (153, 20, 5),
       (153, 0, 2),
       (153, 31, 3),
       (154, 0, 2),
       (154, 7, 4),
       (154, 22, 1),
       (154, 34, 2),
       (154, 10, 1),
       (154, 20, 1),
       (155, 32, 3),
       (155, 22, 1),
       (155, 19, 1),
       (155, 9, 2),
       (155, 24, 1),
       (155, 37, 3),
       (156, 15, 2),
       (156, 11, 5),
       (157, 5, 2),
       (157, 0, 3),
       (157, 23, 4),
       (157, 34, 1),
       (157, 13, 2),
       (158, 23, 1),
       (158, 19, 5),
       (159, 14, 4),
       (159, 32, 1),
       (159, 10, 2),
       (159, 30, 3),
       (159, 37, 4),
       (160, 12, 1),
       (160, 9, 3),
       (160, 3, 5),
       (160, 25, 3),
       (160, 17, 1),
       (161, 5, 2),
       (161, 24, 2),
       (161, 23, 4),
       (162, 32, 1),
       (162, 4, 4),
       (162, 15, 2),
       (162, 1, 2),
       (162, 12, 3),
       (162, 35, 3),
       (163, 6, 5),
       (163, 1, 5),
       (164, 0, 1),
       (164, 10, 1),
       (164, 32, 4),
       (164, 31, 2),
       (165, 36, 4),
       (165, 3, 2),
       (166, 36, 3),
       (166, 12, 5),
       (166, 6, 3),
       (166, 8, 1),
       (166, 14, 1),
       (166, 33, 4),
       (167, 8, 4),
       (167, 35, 4),
       (167, 21, 3),
       (168, 30, 5),
       (168, 12, 2),
       (168, 13, 5),
       (168, 23, 1),
       (168, 33, 2),
       (169, 8, 1),
       (169, 35, 3),
       (169, 14, 1),
       (169, 17, 5),
       (169, 10, 2),
       (169, 21, 5),
       (170, 18, 4),
       (170, 34, 2),
       (170, 16, 2),
       (170, 9, 2),
       (170, 30, 4),
       (171, 23, 4),
       (171, 18, 3),
       (171, 32, 1),
       (171, 16, 2),
       (171, 36, 3),
       (171, 10, 5),
       (172, 9, 1),
       (172, 35, 1),
       (172, 21, 1),
       (172, 8, 2),
       (172, 18, 1),
       (173, 0, 2),
       (173, 11, 2),
       (174, 33, 3),
       (174, 17, 1),
       (174, 11, 5),
       (174, 34, 1),
       (175, 7, 3),
       (175, 11, 5),
       (176, 3, 3),
       (176, 16, 1),
       (176, 13, 3),
       (177, 15, 4),
       (177, 21, 1),
       (177, 17, 5),
       (177, 24, 1),
       (178, 9, 5),
       (178, 5, 3),
       (178, 34, 5),
       (178, 21, 1),
       (178, 31, 5),
       (178, 33, 1),
       (179, 30, 5),
       (179, 8, 5),
       (179, 25, 1),
       (179, 22, 4),
       (179, 34, 5),
       (179, 9, 3),
       (180, 2, 4),
       (180, 33, 4),
       (180, 19, 3),
       (181, 37, 1),
       (182, 24, 2),
       (182, 21, 2),
       (182, 31, 4),
       (182, 8, 4),
       (182, 10, 2),
       (182, 3, 1),
       (183, 23, 3),
       (183, 10, 1),
       (183, 4, 2),
       (184, 14, 2),
       (184, 10, 3),
       (184, 34, 5),
       (185, 4, 2),
       (186, 4, 4),
       (186, 3, 3),
       (187, 32, 5),
       (187, 17, 4),
       (187, 11, 4),
       (188, 18, 3),
       (188, 37, 5),
       (188, 23, 4),
       (188, 9, 2),
       (189, 34, 1),
       (189, 16, 5),
       (189, 0, 2),
       (190, 23, 1),
       (190, 13, 5),
       (190, 0, 3),
       (190, 35, 4),
       (190, 14, 5),
       (190, 19, 1),
       (191, 4, 3),
       (192, 14, 1),
       (193, 33, 2),
       (193, 13, 1),
       (193, 37, 2),
       (194, 21, 1),
       (194, 4, 1),
       (194, 32, 1),
       (194, 3, 1),
       (194, 14, 5),
       (195, 11, 2),
       (195, 23, 5),
       (195, 35, 1),
       (195, 37, 4),
       (196, 8, 3),
       (196, 17, 3),
       (197, 11, 3),
       (198, 37, 4),
       (198, 13, 5),
       (198, 5, 1),
       (198, 24, 1),
       (198, 15, 5),
       (198, 8, 3),
       (199, 21, 1),
       (199, 17, 1),
       (199, 1, 4),
       (199, 32, 2),
       (199, 37, 4),
       (200, 30, 5),
       (201, 24, 3),
       (201, 11, 5),
       (201, 20, 3),
       (202, 8, 1),
       (202, 0, 4),
       (202, 36, 3),
       (202, 14, 2),
       (202, 12, 4),
       (203, 2, 1),
       (204, 11, 4),
       (204, 21, 4),
       (205, 37, 3),
       (205, 20, 3),
       (205, 19, 1),
       (206, 21, 4),
       (206, 8, 2),
       (206, 31, 2),
       (206, 16, 1),
       (207, 23, 5),
       (207, 1, 3),
       (207, 37, 3),
       (207, 17, 4),
       (208, 10, 4),
       (208, 8, 4),
       (208, 30, 3),
       (208, 25, 2),
       (208, 24, 5),
       (208, 4, 3),
       (209, 25, 3),
       (209, 22, 3),
       (210, 16, 3),
       (210, 3, 2),
       (210, 1, 2),
       (210, 19, 5),
       (211, 9, 2),
       (211, 12, 5),
       (211, 34, 3),
       (211, 30, 5),
       (212, 14, 1),
       (213, 16, 2),
       (214, 10, 4),
       (214, 33, 3),
       (215, 24, 2),
       (215, 15, 1),
       (215, 14, 3),
       (215, 22, 5),
       (216, 30, 1),
       (216, 1, 1),
       (216, 2, 4),
       (216, 33, 4),
       (216, 12, 4),
       (217, 32, 1),
       (217, 7, 1),
       (217, 9, 3),
       (217, 2, 2),
       (217, 35, 4),
       (217, 5, 4),
       (218, 37, 4),
       (218, 4, 1),
       (218, 32, 1),
       (218, 17, 3),
       (218, 5, 3),
       (218, 6, 5),
       (219, 25, 4),
       (219, 20, 2),
       (220, 0, 2),
       (220, 24, 2),
       (220, 30, 1),
       (220, 11, 5),
       (221, 14, 1),
       (222, 0, 2),
       (222, 34, 5),
       (222, 3, 3),
       (222, 17, 4),
       (222, 14, 5),
       (222, 8, 3),
       (223, 11, 4),
       (223, 9, 3),
       (223, 22, 1),
       (224, 16, 3),
       (224, 37, 1),
       (224, 5, 2),
       (225, 0, 4),
       (225, 17, 1),
       (226, 12, 5),
       (226, 33, 1),
       (227, 22, 1),
       (227, 3, 1),
       (227, 5, 4),
       (227, 23, 5),
       (228, 22, 5),
       (228, 8, 4),
       (228, 0, 3),
       (228, 14, 3),
       (228, 15, 1),
       (228, 11, 5),
       (229, 17, 4),
       (229, 36, 4),
       (230, 3, 2),
       (230, 16, 5),
       (230, 24, 5),
       (231, 2, 5),
       (231, 4, 2),
       (231, 13, 5),
       (231, 3, 3),
       (231, 35, 5),
       (231, 10, 1),
       (232, 30, 2),
       (232, 12, 5),
       (232, 35, 2),
       (232, 8, 4),
       (232, 20, 1),
       (233, 6, 2),
       (233, 16, 1),
       (233, 22, 2),
       (234, 9, 4),
       (234, 17, 2),
       (235, 30, 1),
       (235, 22, 5),
       (235, 31, 1),
       (235, 24, 5),
       (235, 2, 5),
       (235, 17, 2),
       (236, 36, 2),
       (236, 18, 4),
       (236, 0, 4),
       (236, 16, 4),
       (236, 25, 5),
       (236, 3, 1),
       (237, 2, 3),
       (237, 10, 5),
       (237, 14, 4),
       (237, 11, 5),
       (237, 18, 2),
       (238, 2, 2),
       (238, 36, 5),
       (238, 30, 1),
       (238, 16, 2),
       (238, 18, 3),
       (239, 7, 2),
       (239, 36, 1),
       (240, 5, 3),
       (240, 1, 5),
       (240, 11, 3),
       (240, 37, 2),
       (240, 14, 2),
       (240, 10, 1),
       (241, 31, 5),
       (241, 22, 4),
       (241, 24, 1),
       (242, 35, 2),
       (242, 19, 2),
       (242, 33, 5),
       (243, 23, 3),
       (243, 22, 1),
       (244, 17, 5),
       (244, 36, 5),
       (244, 3, 4),
       (244, 13, 5),
       (245, 21, 2),
       (245, 19, 4),
       (245, 14, 5),
       (245, 10, 2),
       (246, 14, 1),
       (247, 22, 1),
       (247, 12, 4),
       (247, 36, 5),
       (247, 5, 1),
       (248, 24, 2),
       (248, 35, 5),
       (248, 17, 1),
       (249, 18, 3),
       (249, 9, 1),
       (249, 17, 2),
       (249, 23, 4),
       (249, 2, 4),
       (250, 0, 5),
       (251, 23, 3),
       (252, 30, 5),
       (252, 5, 4),
       (252, 15, 4),
       (252, 0, 3),
       (252, 16, 3),
       (253, 2, 1),
       (253, 3, 2),
       (254, 7, 5),
       (254, 11, 2),
       (254, 35, 1),
       (254, 4, 5),
       (254, 17, 2),
       (255, 25, 4),
       (255, 36, 2),
       (256, 33, 1),
       (256, 8, 1),
       (256, 32, 4),
       (256, 22, 4),
       (256, 31, 4),
       (256, 25, 4),
       (257, 33, 3),
       (257, 36, 4),
       (257, 12, 2),
       (257, 7, 5),
       (258, 37, 1),
       (259, 13, 1),
       (259, 30, 2),
       (259, 19, 5),
       (259, 33, 1),
       (259, 11, 1),
       (259, 0, 4),
       (260, 36, 4),
       (260, 35, 1),
       (260, 32, 2),
       (260, 7, 2),
       (261, 19, 5),
       (261, 7, 2),
       (261, 34, 5),
       (262, 37, 5),
       (262, 33, 2),
       (262, 20, 5),
       (262, 36, 4),
       (262, 13, 2),
       (263, 20, 2),
       (263, 11, 4),
       (263, 13, 3),
       (263, 32, 2),
       (264, 7, 5),
       (264, 5, 2),
       (265, 18, 2),
       (265, 32, 4),
       (265, 6, 1),
       (265, 5, 5),
       (265, 12, 5),
       (265, 36, 2),
       (266, 22, 2),
       (266, 36, 1),
       (267, 3, 1),
       (267, 34, 2),
       (267, 5, 1),
       (267, 19, 2),
       (267, 8, 4),
       (268, 22, 3),
       (268, 9, 1),
       (268, 33, 3),
       (268, 23, 5),
       (269, 21, 3),
       (269, 1, 1),
       (269, 32, 5),
       (269, 22, 2),
       (269, 34, 1),
       (269, 16, 3),
       (270, 35, 4),
       (271, 4, 1),
       (271, 35, 2),
       (271, 5, 4),
       (271, 2, 1),
       (271, 19, 1),
       (271, 21, 5),
       (272, 11, 1),
       (272, 31, 3),
       (272, 35, 5),
       (272, 5, 3),
       (273, 31, 1),
       (273, 10, 5),
       (273, 13, 2),
       (273, 12, 5),
       (274, 7, 1),
       (274, 4, 4),
       (275, 31, 5),
       (275, 17, 4),
       (275, 36, 1),
       (275, 9, 2),
       (276, 31, 3),
       (276, 4, 2),
       (276, 22, 5),
       (277, 4, 2),
       (277, 37, 2),
       (277, 10, 3),
       (277, 36, 3),
       (278, 24, 3),
       (278, 0, 1),
       (278, 12, 4),
       (278, 17, 4),
       (278, 37, 1),
       (278, 35, 3),
       (279, 12, 2),
       (279, 19, 2),
       (280, 31, 5),
       (280, 36, 1),
       (280, 24, 2),
       (281, 1, 2),
       (281, 19, 1),
       (281, 6, 3),
       (281, 10, 2),
       (281, 2, 4),
       (281, 13, 3),
       (282, 1, 5),
       (283, 11, 5),
       (283, 9, 2),
       (284, 2, 2),
       (284, 17, 1),
       (284, 4, 1),
       (285, 24, 2),
       (286, 17, 5),
       (286, 32, 2),
       (286, 34, 2),
       (286, 16, 2),
       (286, 25, 1),
       (286, 19, 3),
       (287, 36, 4),
       (287, 10, 2),
       (288, 5, 2),
       (288, 8, 4),
       (288, 14, 5),
       (288, 31, 1),
       (288, 0, 3),
       (289, 8, 5),
       (290, 33, 2),
       (290, 19, 2),
       (290, 32, 3),
       (291, 18, 5),
       (291, 3, 3),
       (291, 32, 2),
       (291, 9, 1),
       (291, 10, 5),
       (291, 15, 3),
       (292, 4, 2),
       (292, 10, 4),
       (293, 34, 3),
       (293, 16, 2),
       (293, 15, 5),
       (293, 9, 4),
       (293, 13, 3),
       (294, 23, 5),
       (294, 4, 4),
       (294, 34, 5),
       (294, 18, 1),
       (294, 10, 1),
       (295, 5, 5),
       (295, 31, 5),
       (295, 22, 4),
       (296, 7, 2),
       (296, 20, 4),
       (297, 25, 2),
       (297, 6, 4),
       (298, 21, 3),
       (299, 19, 1),
       (299, 6, 5),
       (299, 25, 1),
       (300, 35, 1),
       (300, 13, 4),
       (300, 32, 2),
       (301, 18, 1),
       (302, 14, 1),
       (303, 22, 1),
       (304, 4, 5),
       (304, 24, 2),
       (304, 0, 2),
       (304, 10, 4),
       (304, 19, 3),
       (304, 1, 2),
       (305, 9, 4),
       (306, 20, 1),
       (306, 25, 5),
       (306, 1, 2),
       (306, 12, 4),
       (307, 1, 3),
       (307, 21, 5),
       (307, 10, 5),
       (307, 14, 4),
       (307, 18, 1),
       (307, 32, 2),
       (308, 17, 1),
       (309, 16, 4),
       (309, 5, 5),
       (309, 0, 4),
       (309, 9, 5),
       (309, 37, 1),
       (310, 11, 2),
       (310, 0, 2),
       (310, 20, 4),
       (310, 3, 5),
       (311, 31, 3),
       (311, 9, 1),
       (312, 13, 4),
       (312, 5, 2),
       (312, 33, 5),
       (313, 2, 2),
       (313, 19, 2),
       (314, 24, 1),
       (314, 3, 4),
       (314, 17, 5),
       (315, 18, 1),
       (315, 11, 1),
       (315, 31, 2),
       (315, 2, 1),
       (315, 0, 2),
       (316, 8, 2),
       (316, 36, 1),
       (316, 31, 4),
       (316, 7, 4),
       (317, 9, 1),
       (317, 31, 2),
       (317, 25, 1),
       (317, 0, 5),
       (317, 11, 3),
       (317, 24, 3),
       (318, 16, 1),
       (318, 3, 3),
       (318, 9, 1),
       (318, 32, 5),
       (318, 19, 4),
       (319, 37, 1),
       (319, 0, 5),
       (319, 34, 3),
       (319, 18, 5),
       (319, 22, 4),
       (320, 25, 5),
       (321, 33, 4),
       (321, 17, 3),
       (321, 11, 1),
       (322, 1, 5),
       (322, 5, 4),
       (322, 2, 4),
       (322, 23, 3),
       (323, 25, 2),
       (323, 1, 3),
       (323, 33, 3),
       (324, 20, 2),
       (324, 33, 3),
       (324, 19, 2),
       (325, 22, 4),
       (325, 30, 2),
       (325, 7, 5),
       (325, 4, 3),
       (326, 12, 4),
       (326, 37, 1),
       (326, 13, 1),
       (326, 31, 3),
       (326, 21, 2),
       (326, 18, 5),
       (327, 36, 1),
       (327, 2, 1),
       (327, 15, 1),
       (327, 11, 5),
       (327, 10, 4),
       (327, 5, 5),
       (328, 10, 2),
       (328, 17, 3),
       (328, 22, 1),
       (329, 18, 3),
       (329, 1, 3),
       (329, 14, 4),
       (330, 23, 5),
       (330, 12, 1),
       (330, 32, 1),
       (330, 4, 1),
       (330, 31, 2),
       (330, 5, 1),
       (331, 15, 5),
       (331, 25, 5),
       (331, 23, 2),
       (332, 36, 2),
       (332, 13, 2),
       (332, 21, 5),
       (333, 30, 5),
       (333, 19, 4),
       (333, 17, 3),
       (333, 8, 1),
       (334, 24, 5),
       (334, 5, 4),
       (334, 18, 5),
       (334, 3, 3),
       (335, 14, 3),
       (335, 16, 3),
       (335, 20, 5),
       (335, 7, 4),
       (335, 15, 4),
       (336, 6, 1),
       (336, 18, 2),
       (336, 24, 5),
       (336, 20, 5),
       (336, 36, 3),
       (336, 12, 2),
       (337, 18, 5),
       (337, 5, 4),
       (337, 15, 4),
       (337, 23, 2),
       (338, 5, 5),
       (339, 31, 4),
       (339, 16, 3),
       (339, 18, 1),
       (340, 9, 2),
       (340, 37, 5),
       (340, 24, 5),
       (340, 31, 5),
       (341, 10, 4),
       (342, 11, 1),
       (342, 21, 4),
       (343, 1, 2),
       (344, 9, 3),
       (344, 0, 3),
       (344, 14, 2),
       (345, 8, 4),
       (345, 30, 5),
       (345, 5, 2),
       (345, 35, 1),
       (346, 2, 3),
       (346, 31, 5),
       (346, 18, 1),
       (346, 30, 3),
       (346, 32, 5),
       (346, 8, 5),
       (347, 5, 3),
       (347, 19, 4),
       (348, 0, 1),
       (348, 1, 5),
       (349, 33, 5),
       (350, 35, 2),
       (350, 0, 1),
       (351, 30, 2),
       (352, 21, 4),
       (352, 2, 4),
       (352, 34, 3),
       (352, 12, 2),
       (352, 30, 3),
       (353, 21, 3),
       (353, 30, 2),
       (353, 5, 5),
       (353, 25, 4),
       (353, 18, 1),
       (353, 37, 1),
       (354, 15, 3),
       (354, 9, 1),
       (355, 12, 2),
       (355, 0, 2),
       (355, 30, 5),
       (356, 8, 5),
       (357, 22, 1),
       (358, 19, 1),
       (358, 21, 4),
       (358, 31, 3),
       (358, 20, 4),
       (358, 17, 2),
       (359, 2, 3),
       (359, 37, 3),
       (359, 15, 3),
       (360, 20, 2),
       (361, 11, 5),
       (362, 6, 3),
       (362, 12, 3),
       (363, 16, 2),
       (363, 6, 5),
       (363, 0, 4),
       (364, 31, 1),
       (364, 37, 3),
       (365, 35, 1),
       (365, 8, 3),
       (365, 31, 4),
       (365, 32, 5),
       (365, 10, 2),
       (365, 37, 2),
       (366, 7, 4),
       (366, 18, 3),
       (366, 9, 2),
       (366, 15, 4),
       (366, 0, 2),
       (367, 37, 4),
       (368, 6, 3),
       (368, 25, 4),
       (368, 7, 4),
       (368, 12, 4),
       (368, 36, 2),
       (368, 22, 3),
       (369, 8, 5),
       (370, 19, 3),
       (371, 16, 2),
       (371, 23, 1),
       (371, 12, 5),
       (371, 0, 4),
       (371, 34, 1),
       (372, 19, 5),
       (373, 34, 5),
       (373, 9, 5),
       (373, 4, 5),
       (373, 35, 3),
       (373, 37, 4),
       (373, 6, 1),
       (374, 36, 1),
       (374, 0, 3),
       (375, 9, 4),
       (376, 21, 1),
       (376, 3, 3),
       (377, 14, 5),
       (378, 25, 4),
       (379, 36, 4),
       (379, 15, 2),
       (379, 17, 5),
       (379, 16, 4),
       (380, 36, 3),
       (381, 34, 3),
       (381, 24, 3),
       (381, 4, 2),
       (381, 23, 1),
       (381, 0, 5),
       (382, 8, 2),
       (382, 10, 4),
       (382, 23, 5),
       (382, 21, 5),
       (382, 12, 3),
       (382, 20, 1),
       (383, 5, 2),
       (383, 24, 5),
       (383, 12, 1),
       (384, 5, 5),
       (384, 21, 4),
       (384, 20, 2),
       (384, 36, 5),
       (384, 31, 5),
       (384, 19, 5),
       (385, 13, 1),
       (385, 0, 1),
       (385, 37, 2),
       (385, 36, 3),
       (385, 6, 1),
       (385, 5, 1),
       (386, 19, 5),
       (387, 7, 2),
       (387, 11, 3),
       (387, 3, 1),
       (387, 20, 3),
       (387, 16, 1),
       (387, 23, 5),
       (388, 13, 4),
       (388, 32, 1),
       (388, 35, 2),
       (388, 34, 1),
       (389, 4, 4),
       (389, 16, 4),
       (389, 2, 2),
       (390, 37, 1),
       (390, 14, 2),
       (391, 14, 4),
       (391, 7, 5),
       (392, 20, 2),
       (393, 14, 3),
       (393, 20, 2),
       (394, 16, 2),
       (394, 22, 4),
       (394, 20, 3),
       (394, 12, 1),
       (394, 36, 3),
       (394, 0, 3),
       (395, 25, 1),
       (395, 21, 5),
       (395, 30, 4),
       (396, 36, 1),
       (396, 25, 1),
       (396, 16, 1),
       (396, 30, 1),
       (397, 17, 1),
       (397, 32, 1),
       (397, 36, 1),
       (397, 16, 5),
       (397, 24, 1),
       (397, 4, 3),
       (398, 17, 2),
       (398, 30, 5),
       (398, 14, 4),
       (399, 21, 1),
       (399, 15, 2),
       (400, 22, 1),
       (400, 15, 2),
       (400, 11, 4),
       (401, 11, 4),
       (402, 20, 3),
       (402, 9, 1),
       (402, 5, 3),
       (402, 16, 3),
       (403, 33, 1),
       (403, 32, 2),
       (403, 4, 1),
       (403, 13, 3),
       (403, 10, 1),
       (404, 15, 2),
       (404, 16, 3),
       (405, 25, 3),
       (405, 7, 5),
       (405, 31, 2),
       (405, 15, 1),
       (405, 20, 1),
       (406, 4, 1),
       (406, 23, 2),
       (406, 0, 1),
       (406, 3, 4),
       (406, 13, 1),
       (406, 36, 2),
       (407, 19, 1),
       (407, 16, 5),
       (407, 35, 1),
       (407, 4, 2),
       (407, 25, 2),
       (408, 8, 4),
       (409, 12, 5),
       (410, 25, 4),
       (410, 18, 2),
       (410, 32, 3),
       (411, 19, 4),
       (411, 36, 5),
       (411, 24, 1),
       (411, 10, 3),
       (412, 6, 3),
       (412, 18, 1),
       (412, 35, 4),
       (412, 31, 1),
       (413, 23, 1),
       (413, 10, 4),
       (413, 25, 5),
       (414, 18, 4),
       (414, 17, 1),
       (414, 11, 1),
       (414, 2, 3),
       (414, 7, 1),
       (414, 35, 4),
       (415, 8, 5),
       (415, 9, 4),
       (415, 12, 3),
       (416, 34, 2),
       (416, 35, 2),
       (416, 3, 5),
       (416, 6, 5),
       (416, 12, 4),
       (417, 3, 1),
       (417, 4, 4),
       (418, 9, 3),
       (418, 20, 2),
       (418, 6, 4),
       (418, 18, 3),
       (418, 31, 2),
       (418, 36, 3),
       (419, 34, 2),
       (420, 17, 1),
       (420, 2, 4),
       (420, 14, 4),
       (420, 12, 1),
       (420, 9, 2),
       (421, 2, 1),
       (421, 13, 3),
       (421, 8, 5),
       (421, 32, 5),
       (422, 2, 3),
       (423, 24, 3),
       (423, 13, 5),
       (423, 0, 5),
       (423, 36, 5),
       (423, 25, 4),
       (423, 2, 4),
       (424, 21, 2),
       (424, 7, 5),
       (425, 8, 2),
       (425, 4, 5),
       (425, 22, 1),
       (425, 9, 2),
       (426, 30, 1),
       (426, 33, 5),
       (426, 5, 3),
       (426, 10, 2),
       (426, 11, 5),
       (426, 3, 5),
       (427, 20, 1),
       (428, 2, 3),
       (429, 12, 5),
       (429, 35, 2),
       (429, 19, 1),
       (429, 8, 3),
       (429, 4, 3),
       (429, 21, 5),
       (430, 0, 2),
       (430, 5, 2),
       (430, 20, 3),
       (430, 3, 3),
       (430, 31, 5),
       (431, 37, 3),
       (431, 36, 2),
       (431, 30, 5),
       (431, 17, 4),
       (432, 8, 5),
       (432, 0, 3),
       (432, 1, 1),
       (432, 30, 1),
       (432, 25, 5),
       (432, 20, 5),
       (433, 8, 4),
       (433, 22, 4),
       (433, 0, 5),
       (433, 20, 3),
       (433, 7, 2),
       (433, 13, 3),
       (434, 33, 3),
       (435, 1, 3),
       (435, 14, 4),
       (435, 31, 2),
       (435, 0, 3),
       (435, 24, 5),
       (435, 7, 3),
       (436, 17, 1),
       (436, 9, 1),
       (437, 2, 4),
       (437, 37, 3),
       (437, 19, 1),
       (437, 33, 2),
       (438, 19, 3),
       (438, 5, 3),
       (439, 16, 1),
       (439, 1, 3),
       (439, 18, 5),
       (440, 0, 5),
       (440, 8, 5),
       (440, 24, 5),
       (441, 16, 5),
       (442, 36, 5),
       (442, 12, 2),
       (442, 11, 1),
       (442, 4, 3),
       (442, 0, 1),
       (443, 25, 4),
       (443, 10, 3),
       (443, 35, 3),
       (444, 33, 2),
       (444, 7, 5),
       (445, 25, 4),
       (445, 6, 5),
       (446, 23, 2),
       (446, 9, 2),
       (446, 7, 2),
       (447, 36, 1),
       (447, 19, 2),
       (447, 15, 2),
       (447, 10, 4),
       (447, 33, 5),
       (448, 34, 3),
       (449, 36, 1),
       (450, 37, 3),
       (450, 7, 3),
       (450, 9, 1),
       (450, 21, 1),
       (451, 35, 4),
       (451, 19, 1),
       (451, 7, 4),
       (451, 36, 4),
       (451, 4, 2),
       (451, 33, 4),
       (452, 35, 1),
       (453, 18, 4),
       (453, 1, 3),
       (453, 24, 3),
       (453, 31, 1),
       (454, 10, 1),
       (454, 4, 1),
       (454, 25, 1),
       (454, 13, 5),
       (454, 11, 2),
       (455, 13, 1),
       (455, 7, 5),
       (455, 31, 4),
       (455, 5, 2),
       (455, 16, 1),
       (456, 30, 3),
       (456, 3, 5),
       (456, 16, 2),
       (456, 36, 3),
       (457, 5, 3),
       (457, 20, 3),
       (457, 23, 5),
       (457, 7, 1),
       (458, 8, 3),
       (458, 4, 2),
       (458, 11, 3),
       (458, 30, 1),
       (458, 6, 3),
       (458, 21, 2),
       (459, 0, 4),
       (459, 31, 1),
       (460, 13, 4),
       (460, 16, 5),
       (460, 32, 4),
       (461, 34, 3),
       (461, 6, 1),
       (461, 2, 1),
       (461, 19, 3),
       (462, 2, 1),
       (463, 3, 2),
       (463, 22, 4),
       (463, 17, 5),
       (463, 31, 4),
       (463, 18, 5),
       (463, 25, 1),
       (464, 22, 5),
       (464, 15, 2),
       (464, 1, 5),
       (464, 0, 4),
       (465, 7, 3),
       (465, 16, 3),
       (466, 34, 5),
       (466, 31, 1),
       (466, 33, 2),
       (466, 13, 4),
       (467, 1, 3),
       (467, 18, 5),
       (467, 37, 4),
       (467, 4, 5),
       (468, 13, 4),
       (468, 7, 3),
       (469, 25, 4),
       (469, 6, 2),
       (469, 5, 4),
       (470, 0, 3),
       (470, 10, 4),
       (470, 9, 4),
       (471, 12, 3),
       (471, 33, 4),
       (471, 34, 2),
       (472, 32, 2),
       (472, 10, 5),
       (473, 31, 5),
       (474, 22, 4),
       (474, 33, 3),
       (474, 14, 2),
       (474, 5, 3),
       (474, 34, 4),
       (474, 18, 1),
       (475, 35, 5),
       (475, 37, 2),
       (475, 13, 3),
       (475, 2, 2),
       (475, 11, 5),
       (475, 25, 1),
       (476, 3, 1),
       (477, 24, 5),
       (477, 17, 1),
       (477, 21, 1),
       (477, 4, 2),
       (477, 31, 4),
       (477, 18, 5),
       (478, 18, 2),
       (479, 22, 4),
       (479, 8, 3),
       (480, 14, 1),
       (480, 5, 5),
       (481, 19, 3),
       (482, 19, 4),
       (482, 33, 3),
       (482, 14, 1),
       (482, 20, 5),
       (483, 24, 1),
       (483, 10, 5),
       (483, 9, 5),
       (484, 24, 1),
       (485, 20, 3),
       (486, 1, 4),
       (486, 36, 5),
       (486, 35, 2),
       (486, 13, 5),
       (486, 32, 5),
       (487, 19, 2),
       (487, 11, 2),
       (487, 14, 5),
       (487, 25, 1),
       (487, 6, 1),
       (487, 34, 5),
       (488, 36, 5),
       (488, 2, 3),
       (488, 32, 4),
       (488, 12, 2),
       (488, 15, 4),
       (489, 35, 5),
       (489, 15, 3),
       (489, 9, 4),
       (489, 24, 1),
       (490, 30, 1),
       (491, 19, 4),
       (491, 17, 4),
       (491, 11, 2),
       (491, 0, 5),
       (492, 0, 5),
       (492, 3, 1),
       (492, 7, 1),
       (493, 34, 1),
       (493, 31, 4),
       (493, 11, 1),
       (493, 1, 2),
       (494, 11, 3),
       (494, 23, 4),
       (494, 8, 4),
       (495, 2, 2),
       (495, 36, 3),
       (495, 4, 3),
       (495, 33, 2),
       (495, 24, 4),
       (496, 24, 4),
       (496, 1, 3),
       (496, 0, 2),
       (496, 34, 5),
       (497, 7, 3),
       (497, 22, 5),
       (497, 9, 5),
       (497, 11, 4),
       (497, 15, 5),
       (498, 6, 3),
       (498, 13, 3),
       (498, 34, 4),
       (499, 32, 4),
       (499, 19, 2),
       (500, 14, 4),
       (500, 5, 5),
       (500, 7, 3),
       (501, 30, 5),
       (501, 17, 3),
       (501, 4, 1),
       (501, 16, 5),
       (501, 1, 3),
       (501, 37, 2),
       (502, 23, 1),
       (503, 3, 2),
       (503, 24, 5),
       (503, 9, 5),
       (503, 31, 2),
       (503, 19, 3),
       (503, 25, 3),
       (504, 13, 2),
       (505, 21, 4),
       (505, 34, 5),
       (505, 2, 4),
       (505, 5, 2),
       (505, 12, 2),
       (506, 32, 5),
       (506, 25, 1),
       (506, 34, 3),
       (506, 1, 4),
       (507, 36, 5),
       (507, 31, 2),
       (507, 21, 3),
       (507, 30, 1),
       (507, 3, 1),
       (507, 18, 4),
       (508, 3, 5),
       (509, 14, 1),
       (509, 18, 5),
       (509, 5, 1),
       (509, 9, 1),
       (509, 20, 4),
       (509, 6, 5),
       (510, 4, 1),
       (510, 31, 1),
       (510, 15, 1),
       (511, 23, 2),
       (511, 4, 5),
       (512, 33, 4),
       (512, 1, 2),
       (512, 0, 1),
       (512, 2, 3),
       (512, 5, 1),
       (513, 7, 4),
       (513, 33, 5),
       (513, 23, 5),
       (514, 32, 3),
       (514, 17, 3),
       (514, 9, 5),
       (514, 24, 4),
       (514, 36, 2),
       (515, 16, 5),
       (515, 24, 1),
       (515, 22, 5),
       (515, 31, 1),
       (515, 20, 4),
       (515, 2, 2),
       (516, 8, 3),
       (516, 19, 2),
       (516, 9, 2),
       (516, 24, 2),
       (516, 16, 4),
       (517, 13, 4),
       (517, 34, 2),
       (517, 18, 5),
       (517, 30, 5),
       (517, 20, 4),
       (517, 32, 4),
       (518, 1, 1),
       (518, 30, 2),
       (518, 6, 5),
       (519, 37, 4),
       (520, 16, 1),
       (520, 10, 4),
       (520, 1, 4),
       (520, 35, 2),
       (520, 2, 1),
       (521, 30, 1),
       (521, 2, 4),
       (521, 25, 5),
       (521, 17, 1),
       (522, 21, 3),
       (522, 36, 1),
       (522, 20, 4),
       (523, 2, 1),
       (524, 30, 5),
       (524, 24, 4),
       (524, 25, 3),
       (524, 5, 2),
       (524, 36, 4),
       (525, 6, 4),
       (525, 1, 5),
       (526, 31, 3),
       (526, 1, 3),
       (526, 36, 1),
       (527, 24, 2),
       (527, 0, 3),
       (528, 2, 2),
       (528, 15, 1),
       (529, 34, 2),
       (529, 8, 5),
       (529, 25, 1),
       (530, 0, 5),
       (530, 34, 2),
       (530, 23, 1),
       (531, 7, 5),
       (531, 11, 4),
       (531, 23, 4),
       (531, 16, 5),
       (531, 9, 3),
       (532, 23, 5),
       (532, 11, 1),
       (532, 30, 3),
       (532, 5, 4),
       (532, 35, 1),
       (532, 6, 3),
       (533, 36, 5),
       (533, 0, 1),
       (533, 23, 1),
       (533, 32, 3),
       (534, 33, 2),
       (534, 18, 1),
       (535, 18, 3),
       (535, 33, 2),
       (535, 1, 5),
       (535, 4, 5),
       (535, 9, 3),
       (536, 3, 5),
       (536, 21, 3),
       (536, 22, 5),
       (536, 36, 4),
       (537, 23, 1),
       (537, 19, 1),
       (537, 17, 2),
       (538, 36, 1),
       (538, 32, 1),
       (538, 18, 4),
       (539, 6, 5),
       (540, 17, 2),
       (540, 12, 1),
       (540, 19, 3),
       (540, 7, 2),
       (540, 21, 2),
       (540, 30, 4),
       (541, 15, 4),
       (541, 10, 1),
       (541, 4, 5),
       (541, 16, 2),
       (541, 24, 4),
       (542, 6, 4),
       (543, 6, 5),
       (543, 12, 2),
       (543, 36, 2),
       (543, 13, 3),
       (543, 17, 1),
       (544, 10, 2),
       (544, 21, 1),
       (544, 8, 5),
       (544, 2, 5),
       (545, 13, 1),
       (545, 9, 2),
       (545, 0, 1),
       (546, 3, 5),
       (546, 32, 3),
       (546, 4, 1),
       (546, 6, 3),
       (546, 15, 3),
       (546, 7, 3),
       (547, 14, 1),
       (547, 2, 5),
       (547, 24, 5),
       (547, 0, 2),
       (548, 6, 1),
       (549, 10, 4),
       (549, 36, 2),
       (549, 3, 4),
       (549, 31, 1),
       (549, 35, 5),
       (550, 2, 4),
       (550, 24, 3),
       (551, 12, 2),
       (551, 33, 5),
       (551, 32, 4),
       (551, 3, 5),
       (551, 1, 2),
       (552, 20, 3),
       (552, 13, 4),
       (552, 30, 3),
       (553, 24, 2),
       (553, 34, 1),
       (553, 12, 4),
       (553, 25, 2),
       (554, 10, 4),
       (554, 8, 2),
       (554, 31, 3),
       (554, 3, 4),
       (554, 16, 1),
       (554, 20, 2),
       (555, 33, 2),
       (555, 36, 4),
       (556, 8, 2),
       (556, 30, 3),
       (557, 8, 5),
       (557, 19, 2),
       (557, 2, 4),
       (558, 9, 4),
       (558, 30, 4),
       (558, 34, 1),
       (558, 36, 4),
       (558, 8, 4),
       (558, 10, 1),
       (559, 18, 2),
       (559, 19, 2),
       (560, 9, 4),
       (560, 30, 2),
       (560, 12, 1),
       (560, 1, 3),
       (561, 35, 4),
       (561, 5, 3),
       (562, 11, 1),
       (562, 0, 1),
       (563, 18, 5),
       (564, 1, 2),
       (564, 4, 1),
       (564, 10, 2),
       (564, 17, 2),
       (565, 23, 1),
       (565, 2, 3),
       (565, 0, 4),
       (565, 8, 2),
       (565, 32, 3),
       (566, 4, 5),
       (566, 24, 3),
       (566, 7, 5),
       (566, 8, 5),
       (566, 9, 5),
       (566, 10, 3),
       (567, 14, 5),
       (567, 11, 2),
       (567, 23, 2),
       (567, 13, 3),
       (567, 9, 2),
       (568, 37, 4),
       (568, 20, 1),
       (569, 25, 2),
       (570, 0, 5),
       (570, 32, 2),
       (571, 25, 3),
       (571, 22, 3),
       (571, 31, 4),
       (572, 24, 2),
       (572, 4, 1),
       (573, 15, 3),
       (574, 37, 1),
       (574, 14, 4),
       (574, 36, 5),
       (574, 0, 5),
       (575, 14, 4),
       (575, 7, 1),
       (575, 23, 2),
       (575, 37, 1),
       (575, 11, 2),
       (576, 31, 2),
       (576, 34, 3),
       (576, 22, 2),
       (577, 23, 5),
       (577, 34, 2),
       (578, 14, 4),
       (579, 30, 2),
       (579, 23, 4),
       (579, 33, 5),
       (579, 9, 4),
       (579, 13, 2),
       (580, 1, 4),
       (581, 14, 1),
       (581, 9, 1),
       (581, 0, 3),
       (581, 11, 1),
       (581, 31, 4),
       (582, 24, 5),
       (582, 30, 5),
       (582, 6, 4),
       (582, 33, 5),
       (583, 34, 3),
       (583, 31, 4),
       (583, 13, 1),
       (583, 18, 5),
       (583, 19, 2),
       (584, 8, 1),
       (584, 37, 3),
       (584, 4, 3),
       (584, 34, 1),
       (584, 17, 1),
       (584, 22, 3),
       (585, 6, 1),
       (585, 24, 1),
       (585, 10, 2),
       (586, 9, 1),
       (586, 37, 1),
       (586, 5, 4),
       (586, 32, 5),
       (586, 34, 4),
       (586, 14, 4),
       (587, 23, 3),
       (587, 21, 5),
       (588, 6, 4),
       (588, 25, 3),
       (588, 37, 1),
       (588, 9, 3),
       (588, 10, 2),
       (589, 34, 2),
       (589, 1, 1),
       (590, 13, 4),
       (591, 24, 2),
       (591, 22, 5),
       (591, 2, 1),
       (591, 34, 2),
       (591, 30, 3),
       (592, 24, 4),
       (592, 4, 1),
       (592, 3, 4),
       (593, 30, 2),
       (593, 23, 3),
       (594, 13, 4),
       (594, 3, 3),
       (594, 8, 2),
       (595, 24, 2),
       (595, 3, 1),
       (595, 19, 3),
       (595, 16, 5),
       (595, 34, 4),
       (595, 2, 1),
       (596, 21, 5),
       (596, 24, 5),
       (597, 20, 5),
       (597, 18, 5),
       (597, 13, 3),
       (597, 8, 1),
       (598, 22, 2),
       (599, 35, 5),
       (599, 9, 3),
       (599, 4, 4),
       (599, 23, 3),
       (599, 24, 1),
       (599, 10, 2),
       (600, 36, 1),
       (601, 10, 5),
       (601, 37, 5),
       (601, 0, 1),
       (601, 15, 2),
       (601, 24, 4),
       (601, 20, 3),
       (602, 22, 5),
       (602, 34, 5),
       (602, 35, 5),
       (602, 0, 5),
       (602, 8, 1),
       (602, 14, 2),
       (603, 20, 4),
       (603, 13, 1),
       (603, 31, 5),
       (604, 1, 1),
       (604, 37, 4),
       (605, 9, 1),
       (605, 6, 4),
       (606, 13, 4),
       (606, 10, 1),
       (606, 32, 2),
       (607, 25, 2),
       (607, 3, 4),
       (607, 33, 2),
       (607, 8, 4),
       (608, 6, 5),
       (608, 2, 2),
       (608, 4, 2),
       (609, 23, 4),
       (609, 7, 5),
       (609, 34, 3),
       (609, 11, 2),
       (609, 33, 5),
       (609, 21, 5),
       (610, 17, 1),
       (610, 37, 4),
       (611, 18, 5),
       (611, 6, 1),
       (611, 9, 1),
       (611, 25, 3),
       (611, 32, 4),
       (612, 19, 1),
       (612, 20, 1),
       (612, 35, 4),
       (612, 22, 5),
       (613, 8, 1),
       (613, 7, 3),
       (613, 24, 1),
       (613, 36, 5),
       (614, 22, 2),
       (615, 34, 4),
       (615, 36, 3),
       (615, 25, 3),
       (616, 11, 5),
       (616, 13, 4),
       (617, 9, 1),
       (617, 0, 3),
       (617, 32, 5),
       (617, 3, 3),
       (617, 6, 2),
       (618, 9, 5),
       (618, 31, 5),
       (618, 14, 1),
       (618, 32, 1),
       (618, 3, 4),
       (619, 21, 5),
       (619, 0, 3),
       (619, 6, 1),
       (619, 1, 4),
       (619, 12, 5),
       (619, 20, 5),
       (620, 23, 4),
       (620, 32, 4),
       (620, 37, 3),
       (620, 3, 4),
       (620, 9, 2),
       (621, 24, 1),
       (621, 15, 5),
       (621, 9, 3),
       (622, 13, 2),
       (622, 34, 3),
       (622, 8, 5),
       (622, 17, 1),
       (623, 24, 4),
       (623, 20, 3),
       (623, 30, 1),
       (623, 13, 4),
       (623, 4, 5),
       (623, 33, 2),
       (624, 4, 3),
       (624, 15, 5),
       (624, 5, 5),
       (624, 20, 3),
       (625, 15, 3),
       (625, 3, 4),
       (626, 37, 4),
       (626, 9, 4),
       (626, 8, 4),
       (626, 0, 2),
       (626, 17, 2),
       (626, 3, 3),
       (627, 8, 4),
       (628, 3, 2),
       (628, 30, 4),
       (628, 5, 4),
       (629, 14, 5),
       (630, 3, 1),
       (630, 24, 3),
       (631, 0, 2),
       (631, 21, 1),
       (631, 4, 4),
       (631, 7, 3),
       (632, 30, 2),
       (632, 16, 2),
       (632, 23, 2),
       (632, 6, 2),
       (632, 13, 5),
       (633, 4, 4),
       (634, 25, 1),
       (634, 32, 3),
       (634, 6, 4),
       (634, 10, 3),
       (634, 37, 5),
       (635, 22, 5),
       (635, 36, 3),
       (635, 16, 1),
       (636, 9, 4),
       (636, 12, 3),
       (636, 21, 4),
       (637, 0, 2),
       (637, 11, 3),
       (637, 30, 4),
       (637, 33, 2),
       (637, 6, 4),
       (637, 23, 5),
       (638, 14, 3),
       (638, 8, 1),
       (638, 13, 4),
       (639, 34, 3),
       (639, 1, 4),
       (639, 5, 3),
       (639, 19, 4),
       (639, 32, 4),
       (640, 22, 1),
       (640, 9, 2),
       (640, 8, 4),
       (640, 0, 1),
       (640, 30, 1),
       (640, 4, 1),
       (641, 8, 1),
       (641, 12, 5),
       (641, 33, 4),
       (641, 18, 5),
       (642, 32, 1),
       (643, 17, 4),
       (643, 9, 5),
       (643, 10, 1),
       (643, 33, 3),
       (643, 7, 4),
       (643, 12, 2),
       (644, 21, 3),
       (644, 19, 5),
       (644, 7, 5),
       (644, 33, 4),
       (645, 37, 5),
       (645, 12, 2),
       (645, 8, 4),
       (645, 33, 1),
       (646, 22, 1),
       (646, 35, 1),
       (646, 2, 2),
       (646, 14, 2),
       (646, 10, 2),
       (647, 17, 1),
       (647, 34, 1),
       (647, 14, 3),
       (648, 11, 1),
       (648, 0, 4),
       (649, 6, 5),
       (649, 12, 3),
       (649, 9, 1),
       (650, 7, 2),
       (650, 11, 1),
       (650, 35, 5),
       (650, 13, 1),
       (650, 8, 4),
       (651, 9, 1),
       (651, 22, 4),
       (651, 17, 2),
       (651, 5, 2),
       (652, 4, 4),
       (652, 12, 1),
       (652, 34, 4),
       (652, 31, 5),
       (652, 14, 2),
       (653, 15, 3),
       (653, 12, 2),
       (653, 25, 3),
       (653, 21, 1),
       (653, 2, 5),
       (653, 24, 3),
       (654, 14, 2),
       (654, 24, 2),
       (654, 6, 5),
       (654, 25, 2),
       (654, 17, 3),
       (654, 13, 3),
       (655, 32, 3),
       (655, 19, 2),
       (655, 31, 1),
       (655, 18, 3),
       (655, 36, 1),
       (656, 6, 2),
       (656, 30, 1),
       (656, 12, 5),
       (656, 20, 3),
       (656, 25, 5),
       (656, 15, 4),
       (657, 34, 2),
       (657, 11, 4),
       (657, 18, 4),
       (657, 20, 5),
       (657, 6, 1),
       (657, 2, 5),
       (658, 8, 3),
       (658, 31, 4),
       (658, 34, 3),
       (658, 6, 5),
       (659, 32, 4),
       (660, 16, 1),
       (660, 32, 1),
       (661, 35, 1),
       (661, 20, 4),
       (661, 3, 3),
       (662, 5, 5),
       (662, 20, 3),
       (662, 30, 5),
       (662, 10, 4),
       (662, 8, 2),
       (662, 37, 3),
       (663, 18, 5),
       (663, 10, 3),
       (663, 15, 3),
       (664, 0, 5),
       (665, 12, 1),
       (665, 24, 3),
       (665, 4, 2),
       (665, 34, 1),
       (665, 9, 2),
       (665, 31, 4),
       (666, 15, 4),
       (666, 8, 1),
       (666, 32, 3),
       (666, 30, 4),
       (666, 6, 2),
       (666, 16, 3),
       (667, 23, 2),
       (668, 16, 3),
       (668, 6, 4),
       (668, 31, 5),
       (668, 15, 2),
       (668, 4, 1),
       (669, 6, 4),
       (669, 32, 5),
       (669, 35, 5),
       (670, 20, 3),
       (670, 0, 5),
       (671, 32, 2),
       (671, 16, 4),
       (671, 30, 4),
       (671, 6, 3),
       (671, 21, 5),
       (672, 35, 5),
       (672, 37, 2),
       (672, 7, 2),
       (673, 5, 3),
       (673, 9, 1),
       (673, 6, 1),
       (673, 34, 1),
       (674, 31, 5),
       (674, 20, 4),
       (675, 18, 3),
       (675, 33, 2),
       (675, 31, 3),
       (675, 35, 4),
       (675, 34, 3),
       (676, 5, 3),
       (676, 31, 4),
       (676, 16, 2),
       (676, 2, 2),
       (676, 20, 4),
       (677, 22, 5),
       (677, 31, 5),
       (677, 36, 4),
       (677, 37, 5),
       (677, 21, 2),
       (678, 8, 3),
       (678, 16, 4),
       (678, 19, 3),
       (678, 21, 4),
       (679, 2, 2),
       (679, 13, 3),
       (679, 23, 2),
       (680, 1, 1),
       (680, 18, 4),
       (681, 13, 2),
       (681, 14, 2),
       (681, 35, 5),
       (681, 4, 5),
       (681, 21, 5),
       (682, 19, 2),
       (683, 23, 1),
       (683, 13, 1),
       (683, 22, 2),
       (683, 37, 1),
       (683, 6, 2),
       (684, 8, 3),
       (684, 10, 3),
       (684, 31, 4),
       (684, 11, 5),
       (684, 25, 4),
       (685, 31, 2),
       (685, 35, 3),
       (686, 9, 3),
       (686, 25, 2),
       (686, 18, 3),
       (687, 22, 3),
       (687, 6, 5),
       (688, 1, 1),
       (688, 22, 5),
       (688, 17, 2),
       (688, 31, 3),
       (689, 8, 4),
       (689, 16, 2),
       (689, 24, 2),
       (689, 23, 4),
       (690, 15, 5),
       (690, 14, 5),
       (691, 11, 4),
       (691, 22, 3),
       (691, 1, 4),
       (691, 9, 2),
       (692, 25, 4),
       (692, 10, 4),
       (692, 0, 5),
       (692, 2, 2),
       (692, 32, 2),
       (692, 15, 5),
       (693, 15, 3),
       (693, 20, 4),
       (693, 37, 1),
       (693, 1, 5),
       (694, 9, 2),
       (694, 6, 3),
       (695, 10, 4),
       (695, 15, 5),
       (695, 3, 2),
       (696, 10, 3),
       (696, 5, 5),
       (697, 4, 5),
       (697, 32, 4),
       (697, 16, 3),
       (697, 23, 3),
       (697, 17, 2),
       (697, 18, 4),
       (698, 21, 1),
       (698, 7, 3),
       (698, 32, 1),
       (698, 9, 1),
       (698, 8, 5),
       (699, 8, 2),
       (700, 35, 3),
       (700, 21, 2),
       (700, 11, 3),
       (700, 14, 3),
       (701, 34, 2),
       (701, 13, 5),
       (701, 4, 1),
       (702, 19, 4),
       (702, 34, 3),
       (702, 9, 3),
       (703, 5, 1),
       (703, 2, 3),
       (703, 22, 1),
       (704, 4, 2),
       (705, 4, 4),
       (705, 9, 4),
       (705, 31, 1),
       (705, 17, 3),
       (705, 15, 2),
       (706, 20, 2),
       (706, 6, 2),
       (706, 32, 4),
       (706, 12, 5),
       (706, 1, 5),
       (707, 20, 2),
       (708, 16, 1),
       (708, 11, 4),
       (708, 5, 1),
       (709, 18, 3),
       (709, 37, 2),
       (709, 8, 5),
       (709, 31, 5),
       (710, 4, 4),
       (710, 6, 3),
       (710, 16, 3),
       (710, 14, 3),
       (711, 3, 1),
       (711, 0, 5),
       (712, 31, 4),
       (712, 15, 2),
       (713, 33, 3),
       (714, 8, 3),
       (715, 13, 4),
       (715, 32, 5),
       (715, 22, 4),
       (715, 18, 3),
       (716, 25, 2),
       (717, 15, 3),
       (717, 25, 4),
       (717, 12, 1),
       (718, 25, 2),
       (718, 7, 5),
       (719, 19, 4),
       (719, 14, 4),
       (719, 17, 2),
       (719, 36, 4),
       (719, 13, 3),
       (719, 11, 3),
       (720, 23, 1),
       (720, 13, 1),
       (720, 5, 3),
       (720, 12, 3),
       (720, 31, 1),
       (721, 21, 4),
       (721, 20, 3),
       (722, 6, 3),
       (722, 23, 2),
       (722, 2, 1),
       (722, 8, 3),
       (722, 10, 5),
       (722, 3, 4),
       (723, 11, 4),
       (723, 30, 5),
       (723, 13, 1),
       (723, 34, 2),
       (724, 7, 4),
       (725, 6, 4),
       (726, 15, 1),
       (726, 32, 3),
       (726, 10, 2),
       (726, 31, 2),
       (727, 5, 1),
       (727, 23, 5),
       (727, 22, 4),
       (727, 15, 4),
       (728, 5, 2),
       (729, 17, 1),
       (730, 2, 4),
       (731, 17, 2),
       (731, 0, 2),
       (731, 2, 5),
       (732, 35, 3),
       (732, 15, 3),
       (732, 2, 1),
       (733, 24, 3),
       (733, 10, 1),
       (733, 15, 2),
       (734, 34, 3),
       (734, 33, 1),
       (735, 32, 2),
       (736, 0, 4),
       (736, 11, 2),
       (736, 20, 5),
       (736, 16, 5),
       (737, 30, 5),
       (738, 11, 4),
       (738, 33, 3),
       (738, 4, 2),
       (738, 7, 3),
       (738, 32, 4),
       (738, 14, 1),
       (739, 16, 5),
       (739, 15, 5),
       (739, 17, 2),
       (739, 2, 4),
       (740, 37, 4),
       (740, 2, 2),
       (741, 5, 5),
       (742, 36, 3),
       (742, 4, 3),
       (742, 35, 2),
       (743, 17, 3),
       (744, 5, 2),
       (744, 34, 3),
       (744, 24, 4),
       (744, 36, 3),
       (744, 4, 5),
       (745, 3, 2),
       (745, 7, 3),
       (745, 14, 3),
       (745, 32, 4),
       (745, 17, 3),
       (746, 21, 1),
       (746, 7, 4),
       (746, 31, 5),
       (746, 6, 1),
       (747, 13, 5),
       (747, 30, 1),
       (747, 7, 4),
       (748, 12, 4),
       (748, 21, 4),
       (748, 25, 3),
       (748, 24, 1),
       (748, 37, 3),
       (748, 4, 4),
       (749, 8, 3),
       (749, 20, 5),
       (750, 18, 3),
       (750, 30, 3),
       (750, 36, 5),
       (751, 21, 1),
       (751, 20, 1),
       (751, 33, 1),
       (752, 33, 1),
       (752, 17, 1),
       (752, 3, 1),
       (752, 25, 1),
       (753, 22, 4),
       (753, 14, 3),
       (754, 35, 5),
       (754, 12, 3),
       (754, 17, 3),
       (754, 22, 5),
       (754, 6, 2),
       (755, 18, 4),
       (756, 24, 2),
       (756, 10, 2),
       (757, 18, 3),
       (757, 6, 3),
       (757, 21, 5),
       (757, 17, 3),
       (757, 32, 5),
       (757, 15, 1),
       (758, 5, 3),
       (758, 32, 4),
       (758, 25, 1),
       (758, 15, 3),
       (758, 14, 3),
       (758, 31, 1),
       (759, 3, 5),
       (759, 4, 3),
       (759, 8, 1),
       (760, 16, 3),
       (760, 9, 5),
       (760, 37, 3),
       (760, 30, 5),
       (760, 13, 1),
       (761, 33, 4),
       (761, 10, 3),
       (761, 6, 3),
       (761, 18, 5),
       (761, 31, 2),
       (761, 12, 1),
       (762, 3, 1),
       (763, 2, 4),
       (763, 35, 1),
       (764, 11, 1),
       (764, 5, 2),
       (764, 22, 2),
       (764, 12, 3),
       (764, 34, 4),
       (764, 37, 2),
       (765, 3, 4),
       (766, 1, 5),
       (767, 12, 4),
       (768, 6, 3),
       (769, 9, 2),
       (769, 32, 5),
       (769, 1, 4),
       (769, 11, 5),
       (770, 25, 1),
       (771, 18, 2),
       (771, 34, 1),
       (772, 35, 2),
       (772, 14, 3),
       (772, 21, 3),
       (773, 22, 1),
       (774, 12, 1),
       (774, 6, 4),
       (775, 31, 2),
       (775, 5, 2),
       (775, 17, 3),
       (775, 0, 4),
       (776, 18, 4),
       (777, 11, 2),
       (777, 4, 2),
       (777, 19, 5),
       (777, 17, 4),
       (777, 22, 4),
       (777, 9, 3),
       (778, 25, 4),
       (778, 33, 3),
       (778, 17, 5),
       (778, 0, 5),
       (779, 3, 4),
       (779, 21, 4),
       (779, 25, 1),
       (779, 9, 4),
       (780, 4, 5),
       (780, 30, 2),
       (780, 17, 1),
       (780, 1, 1),
       (780, 11, 2),
       (781, 34, 3),
       (781, 25, 4),
       (781, 22, 4),
       (781, 7, 3),
       (781, 19, 1),
       (782, 37, 4),
       (783, 1, 5),
       (783, 16, 3),
       (783, 25, 4),
       (783, 0, 1),
       (783, 21, 3),
       (783, 3, 2),
       (784, 8, 1),
       (784, 34, 1),
       (785, 16, 2),
       (785, 30, 2),
       (786, 31, 4),
       (786, 1, 2),
       (786, 2, 5),
       (786, 5, 5),
       (786, 3, 5),
       (787, 18, 5),
       (787, 3, 3),
       (787, 15, 3),
       (788, 16, 4),
       (788, 23, 1),
       (788, 3, 2),
       (788, 4, 1),
       (788, 24, 1),
       (788, 34, 2),
       (789, 1, 1),
       (789, 13, 5),
       (789, 17, 5),
       (789, 24, 3),
       (789, 2, 3),
       (790, 11, 4),
       (790, 23, 1),
       (790, 25, 1),
       (791, 31, 5),
       (791, 32, 3),
       (791, 35, 2),
       (791, 9, 1),
       (791, 19, 2),
       (792, 25, 5),
       (792, 15, 1),
       (792, 8, 3),
       (792, 2, 1),
       (793, 33, 3),
       (793, 23, 4),
       (794, 36, 4),
       (794, 33, 2),
       (795, 35, 5),
       (795, 16, 5),
       (795, 0, 2),
       (796, 9, 1),
       (796, 6, 3),
       (797, 31, 2),
       (797, 12, 2),
       (797, 0, 1),
       (797, 37, 4),
       (797, 5, 4),
       (798, 23, 1),
       (798, 36, 2),
       (798, 25, 1),
       (798, 22, 4),
       (798, 8, 5),
       (799, 6, 5),
       (799, 20, 1),
       (799, 25, 5),
       (799, 17, 5),
       (799, 9, 3),
       (800, 21, 4),
       (800, 36, 1),
       (801, 36, 3),
       (801, 33, 5),
       (801, 35, 1),
       (801, 30, 5),
       (802, 12, 1),
       (802, 5, 3),
       (802, 14, 4),
       (802, 24, 3),
       (802, 33, 4),
       (802, 15, 2),
       (803, 34, 5),
       (803, 12, 5),
       (803, 31, 2),
       (803, 17, 5),
       (803, 32, 1),
       (804, 8, 1),
       (804, 6, 4),
       (804, 4, 4),
       (804, 21, 5),
       (804, 36, 5),
       (804, 31, 4),
       (805, 30, 5),
       (806, 34, 1),
       (807, 31, 3),
       (807, 11, 4),
       (807, 3, 5),
       (807, 1, 5),
       (808, 17, 5),
       (809, 36, 1),
       (809, 37, 4),
       (809, 34, 3),
       (809, 23, 1),
       (809, 35, 4),
       (810, 17, 2),
       (810, 21, 4),
       (810, 2, 3),
       (810, 7, 1),
       (810, 12, 3),
       (810, 20, 3),
       (811, 10, 4),
       (811, 35, 4),
       (811, 15, 1),
       (811, 37, 1),
       (811, 30, 4),
       (812, 7, 3),
       (812, 13, 1),
       (813, 15, 4),
       (814, 18, 4),
       (814, 32, 4),
       (814, 22, 5),
       (815, 17, 1),
       (815, 36, 4),
       (816, 11, 2),
       (816, 25, 1),
       (817, 21, 4),
       (817, 24, 2),
       (817, 1, 2),
       (817, 37, 2),
       (818, 10, 3),
       (818, 19, 3),
       (818, 0, 2),
       (818, 13, 4),
       (819, 8, 5),
       (820, 8, 1),
       (820, 32, 1),
       (820, 15, 5),
       (820, 22, 2),
       (821, 22, 2),
       (821, 0, 4),
       (821, 20, 3),
       (821, 25, 2),
       (821, 16, 4),
       (822, 6, 4),
       (822, 14, 4),
       (822, 33, 5),
       (822, 36, 2),
       (822, 19, 4),
       (822, 21, 2),
       (823, 23, 3),
       (823, 34, 1),
       (823, 33, 3),
       (823, 37, 5),
       (823, 30, 3),
       (823, 19, 3),
       (824, 35, 5),
       (824, 22, 1),
       (824, 25, 3),
       (825, 18, 5),
       (825, 3, 2),
       (825, 30, 4),
       (825, 35, 5),
       (826, 10, 5),
       (826, 21, 4),
       (826, 37, 2),
       (826, 7, 5),
       (826, 6, 1),
       (827, 35, 2),
       (827, 1, 3),
       (827, 37, 2),
       (827, 4, 4),
       (828, 7, 4),
       (828, 6, 4),
       (829, 8, 5),
       (829, 9, 3),
       (829, 20, 3),
       (830, 9, 1),
       (830, 3, 1),
       (830, 15, 4),
       (830, 23, 4),
       (830, 25, 1),
       (831, 24, 2),
       (831, 6, 2),
       (831, 37, 3),
       (832, 11, 4),
       (832, 15, 1),
       (833, 5, 1),
       (834, 17, 4),
       (835, 22, 2),
       (835, 30, 3),
       (835, 3, 1),
       (835, 31, 3),
       (835, 21, 3),
       (836, 23, 2),
       (836, 35, 1),
       (836, 11, 2),
       (836, 19, 4),
       (836, 32, 4),
       (836, 37, 3),
       (837, 10, 2),
       (837, 2, 5),
       (838, 0, 5),
       (838, 15, 3),
       (838, 34, 3),
       (838, 7, 3),
       (839, 37, 3),
       (839, 8, 4),
       (839, 35, 3),
       (839, 17, 3),
       (840, 34, 5),
       (840, 2, 1),
       (840, 11, 4),
       (840, 19, 2),
       (840, 12, 2),
       (840, 1, 3),
       (841, 10, 2),
       (841, 35, 1),
       (842, 4, 4),
       (842, 33, 3),
       (842, 7, 3),
       (843, 32, 2),
       (843, 17, 3),
       (843, 31, 5),
       (843, 0, 1),
       (844, 12, 4),
       (844, 23, 2),
       (844, 37, 1),
       (845, 7, 3),
       (845, 35, 3),
       (845, 25, 4),
       (845, 21, 3),
       (846, 34, 3),
       (847, 30, 4),
       (847, 25, 5),
       (847, 10, 3),
       (847, 3, 3),
       (848, 13, 3),
       (848, 3, 1),
       (848, 7, 3),
       (848, 35, 4),
       (849, 14, 1),
       (849, 4, 3),
       (849, 1, 3),
       (850, 2, 2),
       (850, 24, 2),
       (850, 5, 3),
       (850, 31, 1),
       (850, 17, 4),
       (851, 24, 2),
       (851, 6, 5),
       (851, 17, 5),
       (852, 21, 4),
       (852, 36, 3),
       (852, 19, 4),
       (852, 30, 1),
       (853, 7, 2),
       (853, 18, 4),
       (854, 8, 4),
       (854, 36, 4),
       (855, 20, 2),
       (855, 37, 5),
       (856, 13, 2),
       (857, 34, 3),
       (857, 32, 5),
       (857, 3, 2),
       (857, 1, 2),
       (857, 25, 5),
       (857, 17, 2),
       (858, 21, 2),
       (858, 31, 4),
       (858, 36, 1),
       (858, 22, 4),
       (858, 23, 5),
       (859, 25, 5),
       (859, 17, 3),
       (859, 2, 4),
       (860, 12, 2),
       (860, 36, 2),
       (860, 1, 4),
       (860, 15, 4),
       (860, 22, 4),
       (861, 20, 5),
       (861, 36, 3),
       (861, 14, 1),
       (861, 21, 2),
       (861, 32, 3),
       (862, 8, 3),
       (862, 7, 1),
       (862, 17, 4),
       (863, 33, 1),
       (863, 10, 5),
       (864, 32, 5),
       (864, 3, 3),
       (864, 24, 5),
       (864, 7, 2),
       (864, 18, 1),
       (864, 11, 1),
       (865, 21, 4),
       (865, 2, 5),
       (865, 6, 5),
       (866, 17, 5),
       (867, 21, 3),
       (867, 6, 4),
       (867, 30, 4),
       (867, 2, 4),
       (868, 11, 5),
       (868, 23, 5),
       (869, 16, 4),
       (869, 18, 1),
       (869, 21, 2),
       (869, 34, 5),
       (869, 13, 2),
       (870, 32, 4),
       (871, 19, 3),
       (871, 15, 5),
       (872, 4, 4),
       (872, 31, 3),
       (872, 1, 3),
       (872, 10, 4),
       (872, 37, 4),
       (873, 12, 1),
       (873, 32, 3),
       (873, 17, 5),
       (874, 1, 5),
       (874, 7, 3),
       (874, 34, 5),
       (874, 10, 3),
       (875, 37, 2),
       (876, 15, 5),
       (876, 5, 2),
       (877, 34, 5),
       (877, 37, 2),
       (877, 19, 3),
       (878, 22, 5),
       (879, 6, 4),
       (879, 8, 4),
       (879, 33, 1),
       (880, 30, 5),
       (880, 33, 2),
       (880, 8, 2),
       (880, 3, 3),
       (880, 25, 5),
       (880, 31, 5),
       (881, 23, 3),
       (882, 10, 4),
       (882, 37, 1),
       (882, 19, 4),
       (882, 4, 3),
       (882, 8, 2),
       (883, 6, 3),
       (883, 14, 2),
       (883, 8, 2),
       (883, 20, 1),
       (883, 21, 3),
       (883, 34, 1),
       (884, 24, 2),
       (884, 9, 2),
       (885, 0, 2),
       (886, 10, 3),
       (886, 4, 3),
       (886, 16, 1),
       (886, 22, 2),
       (886, 8, 3),
       (886, 5, 4),
       (887, 31, 5),
       (888, 19, 5),
       (888, 1, 3),
       (888, 17, 5),
       (888, 35, 4),
       (888, 23, 2),
       (888, 16, 4),
       (889, 9, 3),
       (889, 20, 4),
       (889, 12, 2),
       (889, 35, 3),
       (889, 22, 2),
       (889, 31, 2),
       (890, 9, 5),
       (890, 14, 1),
       (891, 5, 1),
       (892, 33, 5),
       (892, 8, 2),
       (892, 15, 3),
       (892, 31, 2),
       (892, 7, 1),
       (893, 33, 1),
       (893, 7, 1),
       (893, 15, 2),
       (893, 18, 4),
       (893, 25, 5),
       (893, 22, 4),
       (894, 5, 3),
       (894, 12, 5),
       (895, 31, 4),
       (895, 37, 1),
       (895, 6, 3),
       (896, 0, 4),
       (896, 31, 2),
       (896, 19, 1),
       (896, 20, 2),
       (897, 11, 1),
       (897, 10, 1),
       (898, 9, 2),
       (898, 35, 4),
       (898, 15, 3),
       (899, 1, 5),
       (899, 12, 2),
       (900, 30, 5),
       (900, 14, 5),
       (900, 22, 4),
       (900, 16, 1),
       (900, 9, 2),
       (901, 20, 4),
       (901, 19, 1),
       (901, 37, 3),
       (901, 3, 1),
       (901, 2, 1),
       (901, 10, 1),
       (902, 11, 3),
       (902, 31, 2),
       (902, 32, 2),
       (903, 17, 5),
       (903, 24, 3),
       (903, 6, 2),
       (903, 1, 3),
       (903, 34, 2),
       (904, 22, 5),
       (904, 18, 5),
       (904, 17, 5),
       (904, 36, 5),
       (904, 2, 3),
       (904, 33, 5),
       (905, 16, 1),
       (905, 30, 3),
       (905, 10, 2),
       (906, 3, 4),
       (906, 14, 4),
       (906, 12, 4),
       (906, 9, 2),
       (906, 20, 5),
       (906, 15, 2),
       (907, 18, 5),
       (907, 5, 3),
       (907, 3, 2),
       (907, 33, 5),
       (907, 24, 2),
       (907, 9, 1),
       (908, 35, 1),
       (908, 20, 4),
       (908, 16, 4),
       (908, 21, 4),
       (908, 5, 1),
       (908, 23, 2),
       (909, 32, 4),
       (909, 2, 5),
       (909, 19, 2),
       (909, 6, 1),
       (910, 6, 5),
       (910, 2, 3),
       (910, 11, 3),
       (910, 16, 5),
       (911, 11, 5),
       (911, 0, 2),
       (911, 30, 2),
       (911, 10, 5),
       (911, 32, 2),
       (911, 21, 2),
       (912, 24, 4),
       (912, 7, 3),
       (913, 25, 4),
       (913, 31, 4),
       (913, 19, 4),
       (914, 22, 1),
       (914, 37, 5),
       (915, 11, 4),
       (915, 1, 2),
       (915, 10, 5),
       (915, 9, 1),
       (915, 17, 1),
       (915, 7, 4),
       (916, 14, 5),
       (917, 20, 2),
       (917, 2, 1),
       (917, 24, 5),
       (917, 12, 1),
       (917, 11, 1),
       (917, 37, 1),
       (918, 12, 1),
       (918, 13, 3),
       (918, 35, 2),
       (918, 33, 2),
       (918, 30, 5),
       (918, 20, 5),
       (919, 18, 3),
       (919, 7, 3),
       (919, 33, 5),
       (919, 25, 4),
       (919, 22, 3),
       (920, 8, 2),
       (920, 13, 1),
       (921, 37, 2),
       (921, 12, 1),
       (921, 23, 5),
       (921, 6, 4),
       (921, 18, 3),
       (922, 5, 2),
       (923, 32, 3),
       (923, 8, 4),
       (923, 14, 1),
       (923, 4, 2),
       (923, 17, 3),
       (923, 18, 1),
       (924, 30, 3),
       (924, 21, 3),
       (924, 15, 3),
       (924, 4, 5),
       (925, 37, 3),
       (925, 4, 4),
       (925, 12, 4),
       (925, 13, 3),
       (925, 36, 4),
       (926, 37, 1),
       (927, 20, 2),
       (927, 25, 3),
       (928, 18, 3),
       (928, 6, 1),
       (928, 8, 5),
       (928, 5, 2),
       (928, 34, 3),
       (928, 10, 2),
       (929, 11, 2),
       (930, 18, 2),
       (930, 3, 4),
       (930, 9, 2),
       (931, 7, 1),
       (931, 35, 2),
       (932, 24, 2),
       (932, 9, 5),
       (932, 22, 2),
       (932, 7, 4),
       (932, 20, 5),
       (933, 12, 3),
       (934, 18, 1),
       (934, 13, 1),
       (934, 15, 3),
       (934, 35, 4),
       (935, 10, 5),
       (935, 33, 2),
       (936, 20, 3),
       (936, 12, 3),
       (936, 9, 3),
       (937, 32, 5),
       (937, 33, 2),
       (937, 35, 1),
       (937, 23, 3),
       (937, 15, 2),
       (938, 30, 3),
       (938, 13, 3),
       (939, 34, 2),
       (939, 5, 5),
       (939, 14, 1),
       (939, 36, 2),
       (939, 23, 3),
       (940, 20, 1),
       (940, 1, 3),
       (940, 21, 4),
       (940, 0, 2),
       (941, 23, 2),
       (942, 17, 3),
       (942, 31, 3),
       (942, 23, 1),
       (942, 15, 1),
       (942, 30, 4),
       (942, 5, 1),
       (943, 31, 3),
       (943, 25, 2),
       (943, 14, 4),
       (943, 6, 1),
       (943, 2, 4),
       (943, 8, 5),
       (944, 32, 3),
       (945, 25, 5),
       (946, 30, 3),
       (946, 0, 1),
       (946, 13, 4),
       (946, 22, 4),
       (946, 1, 3),
       (946, 3, 3),
       (947, 6, 1),
       (947, 25, 2),
       (947, 8, 4),
       (948, 21, 5),
       (948, 8, 3),
       (948, 23, 4),
       (948, 0, 3),
       (949, 16, 3),
       (949, 36, 5),
       (949, 9, 3),
       (949, 6, 4),
       (949, 21, 3),
       (949, 1, 3),
       (950, 32, 2),
       (950, 0, 2),
       (950, 1, 3),
       (950, 19, 1),
       (950, 37, 1),
       (951, 34, 3),
       (952, 8, 3),
       (952, 5, 4),
       (953, 13, 3),
       (953, 12, 4),
       (953, 18, 2),
       (954, 10, 3),
       (954, 1, 5),
       (954, 31, 5),
       (954, 23, 5),
       (954, 0, 2),
       (955, 19, 4),
       (955, 5, 5),
       (955, 35, 4),
       (955, 8, 2),
       (955, 2, 4),
       (956, 15, 2),
       (957, 16, 2),
       (957, 8, 5),
       (957, 31, 3),
       (957, 24, 5),
       (958, 7, 3),
       (958, 3, 4),
       (958, 31, 4),
       (958, 23, 1),
       (958, 0, 2),
       (959, 16, 3),
       (959, 33, 5),
       (959, 36, 3),
       (959, 23, 4),
       (960, 11, 4),
       (960, 5, 1),
       (961, 6, 3),
       (961, 25, 1),
       (962, 35, 2),
       (962, 22, 4),
       (963, 33, 5),
       (963, 20, 3),
       (963, 8, 5),
       (963, 11, 4),
       (963, 5, 3),
       (964, 16, 5),
       (964, 14, 3),
       (964, 34, 3),
       (965, 34, 2),
       (965, 30, 1),
       (965, 8, 2),
       (966, 25, 2),
       (966, 35, 5),
       (966, 30, 5),
       (966, 9, 5),
       (966, 32, 3),
       (966, 12, 1),
       (967, 15, 5),
       (968, 16, 2),
       (968, 4, 4),
       (968, 18, 3),
       (968, 20, 2),
       (968, 15, 5),
       (968, 0, 3),
       (969, 3, 3),
       (969, 19, 3),
       (969, 0, 3),
       (969, 2, 5),
       (969, 11, 5),
       (969, 34, 2),
       (970, 36, 4),
       (970, 20, 3),
       (970, 16, 3),
       (970, 17, 1),
       (970, 6, 4),
       (970, 7, 1),
       (971, 16, 1),
       (971, 2, 1),
       (971, 1, 2),
       (971, 21, 3),
       (972, 37, 4),
       (972, 36, 3),
       (972, 11, 4),
       (973, 31, 3),
       (974, 36, 2),
       (974, 18, 3),
       (974, 2, 1),
       (975, 33, 2),
       (975, 0, 2),
       (975, 4, 5),
       (976, 19, 3),
       (976, 16, 1),
       (976, 8, 4),
       (976, 32, 2),
       (976, 11, 1),
       (976, 17, 3),
       (977, 32, 5),
       (977, 24, 1),
       (977, 5, 2),
       (978, 24, 3),
       (978, 8, 5),
       (978, 1, 1),
       (978, 30, 1),
       (979, 16, 1),
       (979, 8, 5),
       (980, 33, 3),
       (980, 22, 5),
       (980, 9, 4),
       (980, 3, 4),
       (980, 25, 2),
       (981, 35, 4),
       (982, 7, 2),
       (983, 19, 2),
       (984, 33, 5),
       (985, 18, 1),
       (985, 1, 5),
       (985, 17, 1),
       (985, 8, 4),
       (986, 21, 3),
       (986, 36, 2),
       (986, 25, 3),
       (986, 34, 1),
       (987, 3, 3),
       (987, 8, 2),
       (987, 21, 4),
       (987, 10, 4),
       (987, 23, 3),
       (987, 1, 3),
       (988, 36, 2),
       (988, 0, 5),
       (988, 33, 4),
       (988, 15, 1),
       (988, 4, 3),
       (989, 22, 4),
       (989, 11, 3),
       (989, 19, 4),
       (990, 13, 1),
       (990, 9, 3),
       (990, 19, 5),
       (991, 14, 2),
       (991, 5, 2),
       (992, 30, 4),
       (992, 20, 4),
       (992, 33, 5),
       (993, 0, 2),
       (993, 31, 4),
       (994, 37, 5),
       (994, 4, 2),
       (994, 32, 4),
       (995, 13, 3),
       (995, 16, 5),
       (996, 36, 4),
       (996, 2, 2),
       (996, 8, 2),
       (996, 34, 1),
       (997, 24, 1),
       (997, 9, 2),
       (997, 4, 5),
       (997, 2, 5),
       (997, 1, 3),
       (997, 11, 4),
       (998, 3, 1),
       (998, 9, 4),
       (999, 35, 4),
       (999, 33, 3),
       (999, 31, 4),
       (1000, 11, 5),
       (1000, 36, 3),
       (1000, 4, 3),
       (1001, 23, 1),
       (1001, 16, 4),
       (1001, 11, 5),
       (1001, 22, 4),
       (1001, 17, 4),
       (1001, 32, 2),
       (1002, 31, 4),
       (1002, 32, 5),
       (1002, 10, 3),
       (1002, 1, 3),
       (1002, 8, 4),
       (1002, 19, 1),
       (1003, 11, 2),
       (1003, 25, 1),
       (1003, 13, 5),
       (1003, 33, 3),
       (1003, 20, 5),
       (1003, 14, 3),
       (1004, 34, 3),
       (1004, 31, 3),
       (1004, 22, 4),
       (1005, 10, 4),
       (1006, 17, 5),
       (1006, 23, 4),
       (1006, 36, 1),
       (1006, 19, 3),
       (1006, 7, 3),
       (1006, 8, 4),
       (1007, 5, 5),
       (1007, 24, 5),
       (1008, 21, 4),
       (1008, 8, 3),
       (1008, 24, 4),
       (1008, 12, 2),
       (1009, 0, 5),
       (1009, 32, 5),
       (1009, 12, 1),
       (1010, 5, 5),
       (1010, 25, 3),
       (1010, 23, 5),
       (1010, 11, 2),
       (1011, 16, 1),
       (1012, 3, 5),
       (1013, 31, 1),
       (1013, 12, 3),
       (1013, 25, 5),
       (1013, 8, 4),
       (1014, 31, 3),
       (1014, 19, 1),
       (1014, 8, 4),
       (1014, 30, 4),
       (1015, 33, 4),
       (1015, 34, 3),
       (1016, 25, 4),
       (1016, 1, 3),
       (1017, 21, 4),
       (1017, 23, 1),
       (1017, 18, 2),
       (1017, 0, 4),
       (1017, 12, 5),
       (1017, 6, 5),
       (1018, 9, 2),
       (1018, 2, 3),
       (1018, 37, 2),
       (1018, 13, 1),
       (1019, 24, 4),
       (1019, 20, 1),
       (1019, 22, 5),
       (1019, 4, 5),
       (1019, 35, 4),
       (1019, 1, 2),
       (1020, 20, 5),
       (1020, 6, 4),
       (1021, 5, 3),
       (1021, 22, 5),
       (1021, 36, 3),
       (1021, 16, 1),
       (1022, 18, 1),
       (1022, 13, 4),
       (1022, 22, 2),
       (1023, 7, 4),
       (1023, 0, 4),
       (1023, 34, 4),
       (1023, 35, 4),
       (1023, 4, 3),
       (1024, 13, 4),
       (1024, 30, 1),
       (1024, 35, 2),
       (1025, 19, 4),
       (1026, 20, 4),
       (1026, 11, 4),
       (1026, 31, 2),
       (1026, 21, 5),
       (1026, 25, 4),
       (1027, 17, 4),
       (1028, 23, 1),
       (1028, 33, 4),
       (1028, 34, 1),
       (1028, 18, 4),
       (1029, 7, 4),
       (1029, 16, 1),
       (1030, 33, 2),
       (1031, 18, 4),
       (1031, 31, 4),
       (1032, 30, 4),
       (1032, 34, 1),
       (1033, 32, 1),
       (1033, 2, 2),
       (1033, 13, 4),
       (1034, 11, 3),
       (1034, 25, 2),
       (1034, 16, 5),
       (1034, 6, 4),
       (1035, 14, 4),
       (1035, 4, 1),
       (1035, 24, 4),
       (1035, 31, 2),
       (1035, 11, 3),
       (1036, 33, 3),
       (1036, 34, 3),
       (1036, 25, 4),
       (1036, 36, 2),
       (1036, 12, 3),
       (1036, 30, 2),
       (1037, 14, 1),
       (1038, 10, 2),
       (1038, 3, 4),
       (1038, 6, 3),
       (1039, 2, 2),
       (1039, 13, 5),
       (1040, 10, 4),
       (1041, 4, 4),
       (1041, 22, 4),
       (1041, 30, 5),
       (1041, 8, 3),
       (1041, 9, 5),
       (1041, 12, 5),
       (1042, 24, 1),
       (1042, 21, 5),
       (1042, 34, 2),
       (1042, 23, 4),
       (1042, 32, 4),
       (1043, 36, 5),
       (1043, 3, 4),
       (1044, 17, 1),
       (1044, 30, 1),
       (1044, 9, 4),
       (1044, 31, 3),
       (1044, 21, 2),
       (1045, 19, 3),
       (1046, 10, 5),
       (1046, 0, 4),
       (1047, 12, 4),
       (1047, 7, 3),
       (1047, 24, 1),
       (1047, 15, 1),
       (1047, 1, 3),
       (1047, 9, 4),
       (1048, 15, 5),
       (1048, 13, 4),
       (1048, 12, 2),
       (1048, 7, 4),
       (1048, 11, 2),
       (1048, 36, 1),
       (1049, 36, 5),
       (1049, 1, 3),
       (1049, 34, 4),
       (1049, 5, 1),
       (1049, 21, 5),
       (1049, 2, 5),
       (1050, 31, 4),
       (1050, 8, 1),
       (1050, 34, 4),
       (1050, 36, 2),
       (1050, 21, 5),
       (1050, 24, 1),
       (1051, 32, 3),
       (1051, 14, 2),
       (1051, 37, 2),
       (1051, 25, 5),
       (1051, 5, 1),
       (1052, 3, 3),
       (1052, 34, 5),
       (1053, 31, 3),
       (1053, 16, 5),
       (1053, 1, 5),
       (1053, 34, 3),
       (1053, 24, 2),
       (1054, 13, 3),
       (1055, 19, 1),
       (1055, 8, 4),
       (1056, 25, 2),
       (1056, 16, 3),
       (1056, 3, 1),
       (1056, 21, 1),
       (1057, 23, 3),
       (1058, 23, 2),
       (1058, 14, 1),
       (1058, 18, 5),
       (1058, 4, 5),
       (1058, 31, 5),
       (1058, 37, 5),
       (1059, 15, 3),
       (1059, 7, 5),
       (1060, 36, 2),
       (1060, 6, 5),
       (1061, 35, 1),
       (1061, 19, 2),
       (1061, 5, 1),
       (1062, 36, 4),
       (1063, 18, 2),
       (1063, 35, 2),
       (1064, 8, 3),
       (1065, 34, 1),
       (1066, 23, 4),
       (1066, 13, 3),
       (1067, 8, 5),
       (1067, 15, 1),
       (1067, 22, 2),
       (1067, 34, 2),
       (1068, 34, 4),
       (1068, 33, 4),
       (1068, 0, 5),
       (1068, 3, 1),
       (1068, 32, 5),
       (1068, 20, 5),
       (1069, 21, 5),
       (1069, 19, 3),
       (1069, 10, 4),
       (1070, 30, 2),
       (1070, 20, 4),
       (1071, 7, 4),
       (1071, 33, 3),
       (1071, 32, 1),
       (1071, 18, 2),
       (1071, 8, 1),
       (1072, 5, 2),
       (1072, 12, 3),
       (1072, 33, 2),
       (1073, 1, 5),
       (1073, 13, 2),
       (1073, 21, 3),
       (1073, 22, 1),
       (1073, 6, 5),
       (1073, 0, 3),
       (1074, 17, 3),
       (1074, 2, 3),
       (1075, 11, 3),
       (1075, 37, 3),
       (1075, 2, 1),
       (1076, 3, 5),
       (1076, 12, 3),
       (1076, 18, 2),
       (1076, 8, 1),
       (1076, 32, 5),
       (1076, 17, 3),
       (1077, 8, 5),
       (1077, 33, 2),
       (1077, 25, 4),
       (1078, 4, 4),
       (1079, 32, 5),
       (1079, 6, 3),
       (1079, 21, 3),
       (1079, 30, 2),
       (1079, 2, 3),
       (1079, 1, 3),
       (1080, 10, 3),
       (1080, 24, 3),
       (1080, 32, 2),
       (1081, 21, 5),
       (1081, 16, 1),
       (1082, 7, 5),
       (1082, 16, 4),
       (1083, 13, 5),
       (1083, 22, 4),
       (1084, 10, 5),
       (1085, 32, 5),
       (1085, 9, 2),
       (1086, 4, 4),
       (1086, 3, 5),
       (1086, 9, 3),
       (1086, 37, 5),
       (1086, 2, 4),
       (1087, 0, 3),
       (1087, 14, 1),
       (1087, 23, 5),
       (1087, 9, 5),
       (1087, 16, 1),
       (1087, 33, 5),
       (1088, 21, 5),
       (1088, 25, 5),
       (1088, 5, 4),
       (1089, 2, 5),
       (1090, 24, 4),
       (1090, 5, 5),
       (1090, 30, 5),
       (1090, 23, 2),
       (1090, 35, 2),
       (1090, 20, 1),
       (1091, 4, 3),
       (1091, 33, 2),
       (1091, 16, 5),
       (1092, 35, 1),
       (1092, 14, 4),
       (1092, 2, 5),
       (1092, 0, 3),
       (1093, 34, 5),
       (1093, 25, 4),
       (1093, 15, 5),
       (1093, 37, 4),
       (1094, 2, 3),
       (1095, 31, 4),
       (1095, 16, 3),
       (1095, 33, 4),
       (1095, 15, 2),
       (1095, 37, 5),
       (1096, 20, 2),
       (1096, 17, 5),
       (1096, 19, 3),
       (1096, 4, 2),
       (1096, 10, 2),
       (1096, 16, 2),
       (1097, 37, 2),
       (1098, 24, 5),
       (1098, 32, 4),
       (1098, 12, 5),
       (1098, 3, 3),
       (1098, 19, 3),
       (1098, 17, 5),
       (1099, 15, 2),
       (1099, 2, 5),
       (1099, 22, 3),
       (1100, 15, 3),
       (1100, 0, 1),
       (1100, 6, 4);

-- uzytkownik systemowy
insert into customer_details (customer_id, email, name, surname, address, city, phone, password_hash)
values (0, 'system@user.com', 'NAME', 'SURNAME', 'ADDRESS', 'CITY', 'PHONE',
        'bbc5e661e106c6dcd8dc6dd186454c2fcba3c710fb4d8e71a60c93eaf077f073');

insert into customer_details (customer_id, email, name, surname, address, city, phone, password_hash)
values (1, 'sed.consequat.auctor@ipsumacmi.net', 'Aphrodite', 'Campbell', 'Ap#207-8442NasceturAve', 'SanCesariodiLecce',
        '256-267-230', '0125766e89fe7ba50c89baf4c4d8b83ab17ee0e0d888926f1d4398f49d8857d7'),
       (2, 'rutrum.urna@aenean.com', 'September', 'Humphrey', '2234UtStreet', 'SanktIngbert', '274-159-452',
        'afd11ea8073962a4d5b4e87f3727af4b2862bb2b6f4eaa4dbc82c535aa7d7c45'),
       (3, 'lacus.mauris@integersemelit.edu', 'Faith', 'Coffey', '752-259SociisRoad', 'ElBosque', '819-613-759',
        '73dce9b19d27ede6357ace59ea008547865a695a38bad85dd6fba6da8988657d'),
       (4, 'cras@fringilla.co.uk', 'Charissa', 'Stuart', '678-3518Eget,Rd.', 'Wichita', '668-443-620',
        '7655feb4a332cd540d210b9a84bcd9822dd3f8c5fbaeede2e54d8ac81065dcf4'),
       (5, 'dapibus.gravida.aliquam@laciniased.co.uk', 'Lane', 'Thomas', 'Ap#609-3391VariusSt.', 'Camrose',
        '967-916-116', 'fc62884f9cb9ed9b14e0b6461f2049d98e77dbc657484635b224a22a3bf53bf0'),
       (6, 'sit.amet.nulla@mauris.ca', 'Raymond', 'Booth', 'Ap#932-3242LaciniaAv.', 'Bhimavaram', '558-316-062',
        'a949943ab9677f51b9db72858413e74109ed022880f15f655b9367aed62dedfe'),
       (7, 'nonummy.ac@placerat.edu', 'Xanthus', 'Peters', 'Ap#837-6023EtRd.', 'Tenby', '969-009-705',
        'b0f297eb3a2c5d55de314a32b98b4eab5a26bf1276c7934fd572e9a65eff9903'),
       (8, 'nam.nulla@quam.co.uk', 'Drew', 'Flores', '600GravidaSt.', 'Inegol', '917-340-165',
        'efb75f22c8c18330f24f0c35f75f26b7e61f8980e2e4ea45ef87b9c57a881fc4'),
       (9, 'rutrum@nonummyutmolestie.edu', 'Kato', 'Lara', 'Ap#187-9563QuisqueAvenue', 'SanFrancisco', '202-977-622',
        'dc5ccb073b486f14d6429b447d043653eeac4f32d4a3b483dfd816b6baffaafb'),
       (10, 'eros.nam.consequat@euaugueporttitor.co.uk', 'Karly', 'Sampson', 'P.O.Box367,4417Urna.Ave', 'Penaflor',
        '207-321-465', '90aff5b8b7ecf5e549a5b0abb9ffccec86dcd4461dca4454e14f6657a073f5b8'),
       (11, 'vestibulum.lorem.sit@ligulaaeneaneuismod.org', 'Byron', 'Macias', 'P.O.Box757,8936SedRd.', 'Oliver',
        '802-226-515', '07784508d3325173019b7829805aeff7b9e4bd534ccf0db06f7988013bd10b40'),
       (12, 'maecenas@atvelit.com', 'Scott', 'Horne', 'P.O.Box261,6990Eu,St.', 'KanpurCantonment', '745-436-777',
        'ff4cc0b9a94962d469d371d0adf03a8d4b94c67d98e9792207894e9721ffacb1'),
       (13, 'tincidunt.congue.turpis@neccursus.net', 'Hiroko', 'Lancaster', '917-8322EgetRoad', 'Curico', '127-516-908',
        '54e13caaf326f8f28e9df47a996884fac7f8a4baae9fae948c10cb2e7522340f'),
       (14, 'class@nibhdonec.ca', 'Wesley', 'Ferguson', 'Ap#807-8877PellentesqueRd.', 'Smolensk', '578-396-630',
        '0889113e04d3203f0c401c17c0fd8b352b740dc607433779d3edcaa13320b001'),
       (15, 'laoreet.ipsum@at.edu', 'Idola', 'Peters', '5097FusceAv.', 'Holman', '873-737-275',
        '70c3ef569016fad2d449e93c701f83b2323efa65f32ad8b474615d99b58caf4e'),
       (16, 'nunc.mauris@euismod.ca', 'Shaine', 'Blair', '205-1796FaucibusRd.', 'Doel', '706-988-685',
        '4a132ea4d649931a0f5ca1b40a7cf8f07e1c9b825f4061f6263a0eb370a187dd'),
       (17, 'at@lacusmauris.edu', 'Hoyt', 'Rosales', '2120AmetAve', 'Emblem', '751-302-668',
        'b1d6b91b67c2afa5e322988d9462638d354ddf8a1ef79dba987f815c22b4baee'),
       (18, 'bibendum.sed@quisque.edu', 'Dakota', 'Gallegos', 'Ap#836-5679MaurisRd.', 'SanFratello', '863-706-318',
        '773ad2259fb5e508f9fb17f71e4275edca84d0645da20787c59c2745350f2140'),
       (19, 'tincidunt.dui@sapienmolestie.com', 'Samantha', 'Andrews', '592-4642Erat.St.', 'Tulita', '985-357-516',
        '53b75ddcbb214d1f91313283b76336c4041921ca6072a4b1b28824755881eb28'),
       (20, 'dolor@habitantmorbi.net', 'Hiroko', 'Hunter', '246-5083TemporAvenue', 'Inegol', '547-558-508',
        '67f047db155161e99851908ba03fe13c23320f561940787b5e94e8fe7adefda5'),
       (21, 'mollis@quisdiam.net', 'Tana', 'Browning', 'Ap#632-6209PortaSt.', 'Cuttack', '846-735-820',
        '88d34366639f6b8a63d7ac74fc0b4f1325665e7c3ae24309ca182d04c96b99af'),
       (22, 'vitae.purus.gravida@donectempuslorem.org', 'Elizabeth', 'Perez', '616-9409InRd.', 'Vitry-sur-Seine',
        '417-281-422', '512765f7fbceb3f9ca3728ce74972090deda3a9f440eeaf44858b1de31ef0c13'),
       (23, 'eu@eudoloregestas.ca', 'Quemby', 'Weber', '1472MaurisRd.', 'Conselice', '729-986-612',
        '4d0282941aaf2d694ddaa24fca75e503c73ab16fff3884cac12f39f882bc60cb'),
       (24, 'mi.pede.nonummy@integer.com', 'Nathaniel', 'Hoffman', 'P.O.Box721,8877Ligula.Rd.', 'Cartago',
        '476-757-413', 'd6546624855332c63e426ac16f46211d13856b45e12882ed77f62f1b018034fa'),
       (25, 'vestibulum.massa@quislectusnullam.com', 'Perry', 'Bishop', 'Ap#298-5452Tellus.St.', 'Gwalior',
        '502-250-587', 'b2c488d7be2ec6956fc8e4d3b39138388bafd3ced834b8e45aa285266e0b6b7a'),
       (26, 'est.tempor.bibendum@molestietellusaenean.co.uk', 'Clinton', 'Hays', 'P.O.Box253,5832VestibulumRoad',
        'MenaiBridge', '920-204-069', 'ee8e73bf94ed15259abbc7fcae32b005fa845c45ea9d95a108e72c0235299585'),
       (27, 'cras.convallis@sed.net', 'Odysseus', 'Payne', 'P.O.Box515,6840Vulputate,Ave', 'Salvador', '431-617-102',
        '878580f5127654c5e14bd2c22499c838859772e002dc048277634a36da4f4e13'),
       (28, 'blandit.nam.nulla@justo.com', 'Grady', 'Tyson', '949-6842IpsumAv.', 'Chandler', '775-349-013',
        '806b5eea940fc38d5cb1078bd5f952d08f2c8188c6e409145682583be6fa6c01'),
       (29, 'lobortis@aliquam.ca', 'Trevor', 'Simon', '627-7050UtSt.', 'Sint-Katherina-Lombeek', '335-141-123',
        'fee083b70aa78d1182037cbb5eb7610990478ed4ef027254c03e73a4a8095cf5'),
       (30, 'in.molestie@integer.ca', 'Alana', 'Joyner', 'Ap#970-404SociisRd.', 'Makassar', '475-395-346',
        '59b3fd232faa1066919697da60fa8f00555420a240ba5d810a6234c9ac702b00'),
       (31, 'parturient.montes@iderat.com', 'Sylvia', 'Parks', 'Ap#107-9791FaucibusSt.', 'Mont-de-Marsan',
        '961-824-152', 'c54cac60eb07dd928dbc8c1389ae00c960a59a6e3754f3ad6ca44f18c4e0ec85'),
       (32, 'adipiscing@est.ca', 'Myles', 'Patterson', 'Ap#935-4217DictumRd.', 'Tank', '810-960-151',
        'cb9c78bcfd08c48d2e2575f222cb647c9ccf150b571ffe9e05f6a78345ba10d3'),
       (33, 'aenean.sed.pede@et.co.uk', 'Gary', 'Owens', '161-4782Odio.St.', 'Codigoro', '135-184-153',
        '57528c343b679bcbdfc95d68e54bd6bd89b9f48d435c78c6262bf1f9116b541e'),
       (34, 'pharetra.nam@sempercursusinteger.com', 'Lacota', 'English', '570-9761VolutpatSt.', 'Kearny', '610-909-229',
        '467fa366e9c6e1b6d0806690d9e83f8aed190b62b41ed41429897aa54e304154'),
       (35, 'est.mauris.rhoncus@luctussitamet.edu', 'Kevin', 'Herman', 'Ap#908-6859VariusRd.', 'Amiens', '865-359-264',
        '421764d376f92caeac2127fe9e497f0c7fa1b78662229c5aac9a0b620447f1c9'),
       (36, 'arcu.imperdiet.ullamcorper@posuere.ca', 'Declan', 'Sweet', 'P.O.Box749,3031MollisRoad', 'Dordrecht',
        '804-496-048', '31ffe17e62aec0465691698795bbe99f1f82cbb89fb1bacfcb40ba2a938d05ba'),
       (37, 'vestibulum.massa@consectetueripsum.ca', 'Breanna', 'Vang', 'P.O.Box961,999EleifendSt.', 'Oyo',
        '920-673-214', 'b2c488d7be2ec6956fc8e4d3b39138388bafd3ced834b8e45aa285266e0b6b7a'),
       (38, 'donec.elementum.lorem@namtempordiam.ca', 'Hyatt', 'Simon', 'P.O.Box301,6574FacilisisAv.', 'Voitsberg',
        '638-534-424', '5f3fb250eb4f9bfd9f4072e04ecffa4f2c9dcbdbf979ab1646f7efe624e0aa72'),
       (39, 'sed.dictum.proin@necmalesuadaut.com', 'Hall', 'Conner', 'P.O.Box917,654TemporAv.', 'Baracaldo',
        '233-293-984', '7e9a5b1fae9729c1a7103918f92651a562028163e76e4f3aa93eb9a6932e022b'),
       (40, 'adipiscing@necdiamduis.org', 'Cade', 'Hays', 'Ap#787-2235UrnaRd.', 'Samaniego', '860-085-264',
        'cb9c78bcfd08c48d2e2575f222cb647c9ccf150b571ffe9e05f6a78345ba10d3'),
       (41, 'ac.urna@ut.org', 'Ian', 'Nguyen', 'Ap#956-8762EleifendAv.', 'Hudson''sHope', '721-740-090',
        '6b6dcfb99a49f44e308447d4de67c2c3f0e5933f06b05c004696d0f78bcc69ed'),
       (42, 'est@ante.org', 'Callie', 'Pena', 'P.O.Box994,5997SagittisRoad', 'Rochester', '172-640-972',
        'b6cf348bc9b1a71d9db0ce76c3b2645a3d57e2a6b2119b58a236adbef5e05c43'),
       (43, 'porttitor.vulputate@neque.com', 'Kai', 'Woodard', 'P.O.Box851,3450UltricesStreet', 'Bertiolo',
        '197-505-966', 'c0b960b7fb4541d2a107b2de07fd0b2849c4415b001ebbc3483053a3d784ad76'),
       (44, 'elit.curabitur.sed@arcusedet.ca', 'Emily', 'Rosario', 'Ap#211-7393EtAvenue', 'Ibadan', '512-712-499',
        '28d459795133621b5b891c314aacc49d7d7481f921f418d3ad27ecd14aace6b1'),
       (45, 'morbi.sit@per.co.uk', 'Kirestin', 'Summers', '6612PlaceratStreet', 'RaeBareli', '953-623-000',
        '34745fa6e13132db6fc9ec49c07b2734f30301205b6f2fa887c6e08be461195b'),
       (46, 'vitae.purus.gravida@laoreet.co.uk', 'Suki', 'Elliott', 'P.O.Box865,9664UltriciesAvenue', 'Chakwal',
        '822-400-881', '512765f7fbceb3f9ca3728ce74972090deda3a9f440eeaf44858b1de31ef0c13'),
       (47, 'sit@ligula.net', 'Lacy', 'Martinez', 'P.O.Box218,6666AliquetSt.', 'Kungalv', '230-207-011',
        '584178e5e3517ddcebc66340917adc3a27ce4be359a29aa827563d481ff5d67a'),
       (48, 'mauris.erat@enimetiam.org', 'Eaton', 'Cochran', '135-1043ImperdietRoad', 'Kharan', '417-830-052',
        'e0124850c8bc69ca6a8d6bf6b3744e68c42a02ecef516f12862252f2a43b5cbc'),
       (49, 'augue@blandit.com', 'Daryl', 'Burke', '3063EtStreet', 'Nizip', '619-838-936',
        '11091036f4b675cb74deac19c73df5ed3b9e07a368f16f7357d56468b0fbe4b5'),
       (50, 'volutpat.nunc@aliquetsemut.ca', 'Fay', 'Morales', 'P.O.Box426,3447DignissimSt.', 'Chemnitz', '764-776-157',
        'b7ebc9b47ce1c08660024fb1936af6db861a9d532b9becfa6cf172a1233e3693'),
       (51, 'vel.turpis@laciniased.edu', 'George', 'Donaldson', 'P.O.Box612,5699PedeAvenue', 'Cartagena', '667-478-077',
        '60ad52dbf2cad9ea5bbcd53e62b54f0198836d389a9be5a48e49d0143a0eff8e'),
       (52, 'tortor@dictumplacerataugue.net', 'Arden', 'Carroll', 'Ap#897-463EtStreet', 'Bangalore', '995-753-309',
        '53aa959e01830333d8dc490d63956ce69a264b417cb95f21514c1c480fa0c206'),
       (53, 'venenatis@rutrummagna.co.uk', 'Willow', 'Nolan', '528-5191MaecenasAve', 'Sissa', '190-017-358',
        '903e5cf5764cb6d98a3ce419b2fe892fc5811a018ebb6098464860c833f33c32'),
       (54, 'augue.porttitor@anteipsumprimis.net', 'Preston', 'English', 'P.O.Box306,5699ElitAve', 'Harderwijk',
        '239-145-602', 'd2f952d4452e86f792e80209260a901d76bfa9fbf4faec1b20a63552cd477067'),
       (55, 'integer.aliquam@luctusipsum.edu', 'Yardley', 'Sheppard', '657-5955ConsectetuerSt.', 'Almeria',
        '198-264-435', '0d0d7fef1244b5421f13a0a18d83369350c931cd7f72b38c4f64ed1565f0193f'),
       (56, 'ut.ipsum@mattisvelit.co.uk', 'Courtney', 'Small', '744-3601Vulputate,Rd.', 'Sint-Genesius-Rode',
        '908-819-835', '3436e8eea2baa0f99214ae83614d7229f7a199f6b0561f035296ce3cebfb7f73'),
       (57, 'lacinia.orci@posuerevulputatelacus.net', 'Fiona', 'Walker', '8887Nibh.Rd.', 'Midlands', '710-627-712',
        'cd9aaa2007c8b1cbcdf9eaec4887d238e16e4a34c7bb17b7856fa198f87d2822'),
       (58, 'eu.dolor.egestas@eget.org', 'Brenden', 'Sanford', '123Tortor.Rd.', 'TobaTekSingh', '983-894-757',
        '4a08461b91f2e6bf3692a6227045cb77d06eeed7c82a93f695ff534f9ca29e9f'),
       (59, 'nullam.nisl@massainteger.edu', 'Hayley', 'Neal', '3221Neque.Avenue', 'Boussu-lez-Walcourt', '414-822-105',
        'afd847ab22a66e860410ee29067d39d248801db740f596003cbfc8e2526f7237'),
       (60, 'malesuada.id@elit.edu', 'Rylee', 'Horton', 'P.O.Box873,7086Magna,St.', 'Jedburgh', '291-352-210',
        '42f84de45264f568047194d53a13e923db34ece38b535860e977e2f2b4471b3c'),
       (61, 'sed@euismodacfermentum.edu', 'Yvette', 'Compton', 'Ap#477-7133DonecAv.', 'Magnitogorsk', '309-313-043',
        '5f53b0a2be22e28dc4b056f663910c046a33f9b2d779eaf997ea771fe1881a13'),
       (62, 'enim.mi@consequat.com', 'Abraham', 'Hansen', '908-6227EnimAve', 'Northallerton', '530-211-087',
        'f669e74e90384ada83c8cb3e1b52a64157af3bec197b7c689e85051ccc2f4fff'),
       (63, 'suscipit.est.ac@proineget.net', 'Nell', 'Lara', '8604SemperStreet', 'Coihueco', '828-139-475',
        '7639524517137340532b4c634cd807113d758685afd1806d69809e7dd2e835e0'),
       (64, 'ante.iaculis@natoquepenatibuset.net', 'Elaine', 'Gomez', '4001DonecAv.', 'Etalle', '495-940-154',
        '351871e8fce50139103f353c2524ba08280433582ac7998b7e1d2a34e638efee'),
       (65, 'quis@in.com', 'Carly', 'Porter', 'Ap#444-1408LectusRoad', 'Mazatlan', '696-504-116',
        'bac53a2cdcbf0a3d8fc1b1e573e81699382ed1080821d20ec1b47c7dddd02fa5'),
       (66, 'phasellus.at.augue@id.edu', 'Silas', 'Oconnor', '568-5140Eros.Ave', 'Crieff', '892-276-601',
        '74311df75250d2526ab0578e4975ce2112ecf597e055a49715058f24b7edb550'),
       (67, 'sem@loremeu.co.uk', 'Dara', 'Zimmerman', 'Ap#730-4126FusceAvenue', 'Elsene', '223-679-072',
        'e604f8c97caaadb4c15db94f28d54802722aeba64e375071e4d1eeb1a3cc68fa'),
       (68, 'tempor.lorem@sagittissemper.edu', 'Matthew', 'Battle', 'Ap#264-3061NamRoad', 'Bearberry', '629-089-785',
        '3c89235fc779aa42f9de208e223ed4a999e602aeb1773f7131da9aac65162aff'),
       (69, 'ipsum.nunc@sed.org', 'Wilma', 'Mcmahon', 'P.O.Box110,9842Enim.Ave', 'Cortil-Noirmont', '211-693-485',
        '39de52d227f5c0e158a3417175787ca81bd2d858254a85307cf40b733b81b6c7'),
       (70, 'eget.magna@ametantevivamus.ca', 'Hillary', 'Alford', 'Ap#297-5480MolestieAv.', 'Gangneung', '184-558-597',
        '9a60aa1cb9c94d2afd03aae2496a92102764124ff832112f604d5ff583cdaab4'),
       (71, 'velit@maurisnondui.ca', 'Gail', 'Morton', 'P.O.Box239,5393Elit,Ave', 'Frascati', '110-181-986',
        '0d70cb19155f9e14a81ad11b426f26e0aa9e422282b30109b43742d69d4aa009'),
       (72, 'sit.amet.ornare@maurisaliquameu.org', 'Britanney', 'Weeks', '633-6942PellentesqueRoad', 'Campochiaro',
        '607-797-745', 'f763277ad18c683f7c124792c2526dd7f79686261a37533a7617ed50c0ce7cfb'),
       (73, 'molestie.sodales.mauris@tellusidnunc.ca', 'Destiny', 'Newman', '896-9365EuAv.', 'Milestone', '571-401-016',
        '83ac1d594fe792645df6380ece1baee140de1b005deeb31c2ad539650fee3d9c'),
       (74, 'vestibulum.mauris.magna@estacfacilisis.net', 'Hedy', 'Noble', 'Ap#458-7162ScelerisqueRoad', 'Bayswater',
        '581-719-198', 'eccb9312fec58c0b7089504897702d7fc8ba762a601b1020973cd76fc3889789'),
       (75, 'a.arcu@metusinlorem.org', 'Christen', 'Barnett', '361-8120Vitae,Rd.', 'Kidderminster', '438-402-354',
        'b255a52dca43c30e4b9d2e7e4a101f0b8cec76e48cf7934bc749bf185470121b'),
       (76, 'morbi@ut.net', 'Autumn', 'Evans', '7106MaurisSt.', 'TorresdelPaine', '531-655-387',
        'c42dc324afebf760f29b92df07c0ea6ba833ba1582bbd511b688421f02c1255c'),
       (77, 'turpis@antebibendumullamcorper.ca', 'Stephanie', 'Blackwell', '6872Viverra.St.', 'Husum', '795-110-927',
        'ef51255dca4399838383ce9df11834eab067a688bd6fbf48e82d7a0e6b806612'),
       (78, 'elit@in.com', 'Pandora', 'Powell', 'Ap#938-7993CrasAvenue', 'CampitellodiFassa', '114-470-578',
        'e083bcc078b96ea652eeab2dcb44eab848c5be481edeb86e5abb197a695898b9'),
       (79, 'lobortis.augue.scelerisque@magnaa.ca', 'Eliana', 'Salas', '532-5146AccumsanStreet',
        'Ashoknagar-Kalyangarh', '372-016-466', '390ea08eb20bcf71a626a3717458712040ab865ce6d7d6da62305416fbeb7ae1'),
       (80, 'nec.urna.suscipit@amalesuada.com', 'Chava', 'Burks', 'P.O.Box296,3711RutrumRd.', 'Tumaco', '924-782-782',
        'facc9abe9f233ac0d61d9510197fc290bd47563a0f9a6f488ce0bdf43f92f75e'),
       (81, 'eget@donecnibhenim.co.uk', 'Raven', 'Schroeder', 'Ap#509-434AliquamStreet', 'PrinceGeorge', '398-902-653',
        '4172c773526e604dc8ba808d7a1a7a294f49c07ce8743377efece064f98fab4c'),
       (82, 'rutrum.non.hendrerit@commodotinciduntnibh.net', 'Jerome', 'Hahn', '325Id,Av.', 'Gurgaon', '758-066-121',
        '52a2f1713eb4b46b200047de30041498b100cdb0b14d5f3bcdda1be8d226a665'),
       (83, 'commodo.auctor.velit@curaephasellusornare.org', 'Sasha', 'Fox', 'Ap#203-1026LaciniaAv.', 'Daejeon',
        '922-595-461', '48f501004ec827e7e247f93d2a09c74b9f408e202f26ef6532bb63c82ce7a40c'),
       (84, 'ante@consectetuermaurisid.com', 'Kaseem', 'Wyatt', 'P.O.Box280,7504AccumsanSt.', 'Ziarat', '990-101-237',
        'd968e224a0e0dbfbb51fc70ca0873e872988ac59564b9925922da28e83937765'),
       (85, 'mus.proin@ullamcorper.edu', 'Amber', 'Fitzgerald', 'Ap#467-171CrasRoad', 'Freirina', '749-778-319',
        '04d4296bf1ab47af46f353b46613641e61dfc1c2605f0c9f5ee3f99b0587b83e'),
       (86, 'vivamus.rhoncus.donec@lacus.edu', 'Gareth', 'Vazquez', '329-8466DuisRoad', 'Moliterno', '214-767-712',
        '1858f33de63040f386ae7a7b0e94eaa2199a2badfc0fca8d0dcfcf8a4bcabdc7'),
       (87, 'vitae@turpis.edu', 'Rafael', 'Heath', 'Ap#660-8083SagittisSt.', 'Warri', '742-571-234',
        'a228fa32cc863dd0b0dd19b43d5ec97be3d7d0a60a707a9ecc237ff31ef08353'),
       (88, 'aenean@rhoncus.org', 'Cheryl', 'Glover', '424-9629FelisStreet', 'Lampa', '436-961-978',
        '820f8fde817466103dd281523e3ed6fdadf010cd4d564fac22c058de657c5706'),
       (89, 'ornare.facilisis@erategettincidunt.ca', 'Ava', 'Beard', '860-6632QuisAvenue', 'AnnapolisRoyal',
        '900-264-818', 'b6cbfdbcdc7ed1c3bbc0e0df74f98b05a976888a2b470712dbf98fbffeafe74e'),
       (90, 'curabitur@nec.com', 'Vaughan', 'English', 'Ap#321-4099SedSt.', 'MoscianoSant''Angelo', '472-059-113',
        '09ca4b92762a37568f5ea6c8ec616a0fb59de830c2da9058d9ec9852ca1bb693'),
       (91, 'mauris@craslorem.org', 'Yeo', 'Phillips', 'P.O.Box852,9672CrasStreet', 'Ozherelye', '126-805-032',
        '38b190e5fac5c3009bd46b8f3f32aef057d2a39a12b514058553b0686b63c7ed'),
       (92, 'odio.tristique@pedesagittisaugue.ca', 'Isabelle', 'Thornton', 'P.O.Box545,9699RutrumSt.', 'Westkerke',
        '285-660-172', '4fd1490ddbe7c445fa29663687b6b9c4ccb29316c64a2ef6894fb5f9895db418'),
       (93, 'sem@nunc.co.uk', 'Vladimir', 'Johnson', '4993QuisqueRd.', 'Forges', '915-264-904',
        'e604f8c97caaadb4c15db94f28d54802722aeba64e375071e4d1eeb1a3cc68fa'),
       (94, 'facilisi@elitpede.com', 'Bert', 'Mckee', '669-3503TellusRoad', 'Fallais', '422-898-702',
        '49c781115cb272e9bb9e0d4d52b08f2b4373a7f75d993dc585d794cee8d51721'),
       (95, 'in.faucibus@diam.net', 'Emery', 'Hale', '4123Id,Road', 'Howrah', '813-052-734',
        '25f929ddb82dee46abf8b2e67fb83063bfaf8b583ab1fd53ca523bf85f59605a'),
       (96, 'a.purus@tinciduntvehicularisus.com', 'Alvin', 'Lang', 'P.O.Box775,1903NuncRoad', 'Russelsheim',
        '248-879-675', 'ea747a2298b2db2ff492d902c0050e847cbaaec0a9d2c5f6def376be6739076c'),
       (97, 'non.sollicitudin.a@egestashendrerit.ca', 'Vielka', 'Barton', '5584DapibusRd.', 'MaranoLagunare',
        '586-928-901', '800b646dbb3c5f13a7dec6164d0044daa7872a6d8098ab6340b7aac2bb861f6a'),
       (98, 'mus.proin.vel@phasellusat.ca', 'Ignatius', 'Berger', 'Ap#905-9920InceptosStreet', 'Mulhouse',
        '331-233-097', '92a7d46392e601848e5661cf6902d8caa036adaeaa67058bb7f14ef760e6a4cd'),
       (99, 'a.enim.suspendisse@eratvolutpatnulla.org', 'Simone', 'Lee', 'P.O.Box855,6369Rhoncus.St.', 'FortProvidence',
        '511-022-680', '403d0ffcb22130b68b465e2d0c071339c5b0843b57262bff6cbf1af1884b54a8'),
       (100, 'sed@nec.ca', 'Jennifer', 'Santos', '135-7942Rhoncus.Avenue', 'Ilesa', '978-073-041',
        '5f53b0a2be22e28dc4b056f663910c046a33f9b2d779eaf997ea771fe1881a13'),
       (101, 'metus@sagittisplaceratcras.net', 'Herrod', 'Joseph', 'Ap#955-8080NonAve', 'Aosta', '343-844-165',
        'eece0893c512262d3e48516ed72dc27480e834c607a61cb168151c163e000880'),
       (102, 'nulla.dignissim@odiophasellusat.org', 'Hedda', 'Greene', 'Ap#400-8227EuRd.', 'Bard', '949-308-460',
        '131a942035e71b8633aafec8e2dc02b3e8816c7625dd79fcfd8d552637abc290'),
       (103, 'donec@feugiat.org', 'Deanna', 'Burke', '866-6642OrciSt.', 'Roosdaal', '943-196-566',
        '6d1d6c4a2b356afaf8278ecdf01cec9b1d8d96ef6ed8700ecf7e5987266cf3fe'),
       (104, 'pede.nonummy.ut@vulputatemauris.co.uk', 'Luke', 'Jackson', 'Ap#254-2803ProinRd.', 'Kirkland',
        '970-538-898', 'b0c823c9431a58f8b0d31a836e08555bc7b294b17808fa311de7eed2f94ac6c6'),
       (105, 'quis.arcu.vel@dictum.net', 'Ryder', 'Buckner', '891-1698SapienStreet', 'Montrose', '721-045-287',
        'd56d250afd35ff56c25dd1efd1946283ad9864a8e32b9bfb7aaa66b5b433cee4'),
       (106, 'adipiscing.elit@ullamcorper.ca', 'Jason', 'Owen', 'P.O.Box162,1623SuspendisseAvenue', 'Telford',
        '800-444-800', '54cc6406b5fa75740d162f46ce354213c4760dcaec93f307f02bff5055a50c7c'),
       (107, 'ac@sedpede.net', 'Mufutau', 'Colon', 'Ap#979-1681Velit.Street', 'EastGwillimbury', '532-862-630',
        'f45de51cdef30991551e41e882dd7b5404799648a0a00753f44fc966e6153fc1'),
       (108, 'nunc.quis@nonvestibulumnec.org', 'Colt', 'Myers', '830-5516IaculisRd.', 'Dingwall', '568-702-688',
        'd24d077a73fe2df6acd9241f9a32b91887a460d371085469b1334322537975d0'),
       (109, 'curabitur.ut@odio.net', 'Kamal', 'Acosta', 'Ap#716-9591VenenatisAv.', 'Telford', '355-230-225',
        'ed430f23230ddfae1db719574c4294618039ad94f804afe66b6a7f417dd33563'),
       (110, 'donec@molestiesedid.net', 'Damian', 'Garrison', '485-2823Lacus.St.', 'Amqui', '470-332-637',
        '6d1d6c4a2b356afaf8278ecdf01cec9b1d8d96ef6ed8700ecf7e5987266cf3fe'),
       (111, 'tellus.phasellus.elit@pretium.com', 'Maggie', 'Baxter', '484-8315CumSt.', 'Harlingen', '144-060-081',
        '9c91a42d69644351b58139876df73a3dec0a232e43cc549d3f903c4305b286ee'),
       (112, 'ultricies.sem@arcununc.org', 'Cally', 'Hoover', '1809PraesentRd.', 'Ashoknagar-Kalyangarh', '719-573-999',
        '713e878262daa19590a56829abde6f122ad5f486e07cab8e734add5ef5c1e4fb'),
       (113, 'nunc@nec.ca', 'Kenneth', 'Rutledge', 'P.O.Box873,5374UtAve', 'Gwangmyeong', '877-562-280',
        '05f0b280848faf00987a24f46352d0aff66b5998dc224ce0538e95c929bfb9af'),
       (114, 'arcu@faucibusmorbivehicula.edu', 'Meghan', 'Jennings', 'Ap#784-8941SedRd.', 'Carcassonne', '702-491-980',
        'c48716b5aca89750ea13c61be67612fb87cfab5b20660de1d3e5072b8c28bdf5'),
       (115, 'pede.praesent.eu@nisicum.edu', 'Paul', 'Patrick', 'Ap#356-7240NullaRoad', 'Elgin', '833-704-403',
        '095a3a3a4fc85cbf2db3738a72c7159e67cbbf9e556310d2d6be3d04d5c39437'),
       (116, 'quisque@interdum.edu', 'Ronan', 'Sears', '819-1850Varius.St.', 'Moustier-sur-Sambre', '938-054-406',
        'de6eb2c670925399798a7e92afa9235cbc5bbd6dbc999ab4557a272bc646a476'),
       (117, 'diam@acarcu.ca', 'Baker', 'King', '9971SedAv.', 'Leval-Chaudeville', '637-072-851',
        '52903730d5e4bfd5c2064be0645126ed64f1209cef013bd6768387546ecce5c6'),
       (118, 'varius@necquamcurabitur.edu', 'Graham', 'Marshall', 'P.O.Box479,7751VelAve', 'Delhi', '126-009-340',
        '662c7099722163057e67345a04cf833713e743dfcbea0f3908b410eeef471188'),
       (119, 'neque@tinciduntaliquamarcu.net', 'Ryder', 'Hall', '4295IpsumAv.', 'Tarsus', '274-686-142',
        '09b47655056ff5f96694fd9ea16b86998c853046ca7adc60587fa152c02f7b4b'),
       (120, 'non@classaptenttaciti.ca', 'Davis', 'Merrill', '6870NecAve', 'Minatitlan', '363-731-891',
        'bcee72e6df5d56319125920f6c69d8001e938e122cd14597e547d49cc9126e42'),
       (121, 'lectus.nullam.suscipit@egetmagnasuspendisse.org', 'Adena', 'Freeman', 'P.O.Box745,5126LobortisRoad',
        'Ilbono', '353-714-668', 'b0d234a9ba090fb18e7c6bd28819ff38307006b2d5e81884d4a83b44f5b69a7d'),
       (122, 'vel.arcu@fringillapurus.edu', 'Harriet', 'Carver', '6886MagnaRd.', 'Missoula', '176-385-472',
        '4bb42e5ba46ebe7f46d99e38f9f9c2e3f0f472138601a1614be77e0554ef394e'),
       (123, 'nec@accumsan.net', 'Todd', 'Rogers', '263-1200MiSt.', 'Penticton', '292-318-789',
        '9d9b90817fc39231aedf8f19d5e19acde3e9421afff1018d942ecf9f2676176a'),
       (124, 'massa@consectetuerrhoncus.net', 'Fritz', 'French', '654-3388VelSt.', 'Pinarbasi', '593-398-122',
        '67f9390708de76a98e5ab5b5445a8683f26b3f27761d743b637bfb5f342e251d'),
       (125, 'pede.suspendisse@risusa.org', 'Liberty', 'Rivera', 'Ap#802-8772InRd.', 'Grand-Hallet', '587-620-269',
        'ebd847726425a086448c2410566668cefbf4e28b563b76754684f9d7cf96c8ae'),
       (126, 'a.odio@augueporttitorinterdum.ca', 'Brooke', 'Thornton', 'Ap#944-5666EuSt.', 'Tiruvannamalai',
        '652-632-740', '62abfb2a1b4cab5c6e0525c9b28916f1ca7dc4bde7265a94c4708694a4306507'),
       (127, 'non@enimetiam.net', 'Shannon', 'Heath', 'Ap#496-9261EtiamAve', 'Montpellier', '564-718-807',
        'bcee72e6df5d56319125920f6c69d8001e938e122cd14597e547d49cc9126e42'),
       (128, 'maecenas.mi.felis@temporloremeget.org', 'Emerson', 'Holman', 'Ap#155-8420OrciStreet', 'Villers-lez-Heest',
        '517-489-601', '0aab7baa786415e7f42fd39c3f960e2ef06762ad6456ac9b25d02664868a23c0'),
       (129, 'odio.semper@ullamcorperviverramaecenas.com', 'Kyle', 'Sexton', '4578BibendumSt.', 'Devizes',
        '437-535-954', 'd9ce11b95b5c0600ff33d1205e10603ac012c4401747234428afd8b0bb35353a'),
       (130, 'amet@maurissit.co.uk', 'Whoopi', 'Mejia', '5762Et,Rd.', 'Veracruz', '601-004-395',
        '7e085b4198b6bc904d8489968fc9a8054c476c578e4de3dbf820832b458de9e7'),
       (131, 'sed.auctor.odio@sollicitudincommodo.ca', 'Lana', 'Dunlap', '816-9131ConvallisRd.', 'Ely', '330-402-402',
        'ff8e75b47bbfbf812e8f6e6bf8c67a7e99ca5188ddf1390f407f608811d4637a'),
       (132, 'nisi.magna.sed@sedorcilobortis.com', 'Dante', 'Berger', '854-4857Erat,Avenue', 'Auxerre', '447-076-759',
        '29d121829ab763b9178b23c3d0e448be54717ce7eefcfc4e34ed2515be9c048f'),
       (133, 'diam.vel@nibhenimgravida.org', 'Dante', 'Fitzpatrick', '5827Tellus.St.', 'Albiano', '164-162-129',
        '6449c86d343d65c4fe3d3f6488132638f8b68f117e505f48315dec12b0039b5d'),
       (134, 'aliquet@ultricessit.com', 'Ruby', 'English', '726NuncAvenue', 'Yorkton', '488-202-038',
        'e1a05ccdaffd9eab50416d85db59d64c8200e6e7c5e1c55fb8c2ec5738f0b1b2'),
       (135, 'duis@malesuadaiderat.net', 'Vanna', 'Harrell', 'P.O.Box477,4914PharetraSt.', 'Nederokkerzeel',
        '717-792-335', 'de69852cf203e068a48107b41918a2a87187fb2d5d99a6bc1c9f39cc6f81fa57'),
       (136, 'nibh.enim.gravida@arcuvestibulum.co.uk', 'Meghan', 'Bullock', '780-775NisiRoad', 'Konya', '103-522-989',
        '0a511810350d3871dc589243cc6e7c08b0110ed02810436daaa8bda751ca40bc'),
       (137, 'cursus@lectus.com', 'Eliana', 'Holcomb', '8632EstSt.', 'Burin', '607-338-365',
        '3b9895d9dc02f05355b1c8d5d9795ce499f294a1ae045e050bc50613f340e9c7'),
       (138, 'dis@quamdignissimpharetra.ca', 'Noble', 'Langley', '960-9032DuisRoad', 'Timaru', '916-982-198',
        '12901dece9ce1f866e4a1dbd924df1dcb9fbbad9a728f0fa4fa26e76155d6899'),
       (139, 'ornare@etiamvestibulum.co.uk', 'Andrew', 'Britt', 'P.O.Box378,2358VitaeAvenue', 'Palermo', '464-782-614',
        '54a02ff97107b7393ac44fdd13652d134ced56ea464228ae7d904a27d435355e'),
       (140, 'ipsum.suspendisse.non@eu.ca', 'Dai', 'Weiss', 'Ap#976-3332Vulputate,Road', 'Comeglians', '763-926-813',
        'a9ebed09c0855ef12c05334b041c52dceb40022370e90cc42df5a98ab633ae8d'),
       (141, 'ultrices.posuere.cubilia@nullaante.net', 'Tamara', 'Wallace', 'P.O.Box136,9026Est,Road', 'Barrackpur',
        '718-023-255', 'a26d98cfb45f4231b67e9094b0298327489e919f7567c7df8e00e18fe5f6e9f3'),
       (142, 'nulla.donec@eulacus.ca', 'Ursa', 'Reed', '274-4788Ligula.Ave', 'Jonquire', '228-160-176',
        '0181b1309866a8bc5a51936a2038883b3001f99906795a8c3292243b450adb56'),
       (143, 'tellus.non@volutpatnulla.ca', 'Fitzgerald', 'Sutton', 'Ap#419-1253EuismodStreet', 'Florencia',
        '711-453-624', '485d4b299b7052776d16a01af05c74af7747762b2c17dca719b382b7ec7cdca0'),
       (144, 'amet.consectetuer@nullavulputate.edu', 'Keegan', 'Goodwin', 'P.O.Box240,5486IdRd.', 'Springdale',
        '823-308-268', '8ee06e2930d8a9ad7ed96543db2ce8e55cf83fe8e9315a616859bd73ea1c2116'),
       (145, 'ipsum.sodales@est.ca', 'Cairo', 'Wallace', 'Ap#509-7318BibendumStreet', 'Overmere', '106-937-343',
        '7a2fe4a22a4960dced8f55422269141a0b5f8c440aa6a9c95dc0b85b746c272d'),
       (146, 'pede@donec.net', 'Penelope', 'Osborn', '1862SedSt.', 'Cognelee', '474-479-274',
        '63dfbc4b4d18bbd46c8839bfc50ed19d75430657e3c5731c54f2a0ef8f8fd120'),
       (147, 'fermentum@utmiduis.net', 'Shannon', 'Gordon', '9293SagittisAv.', 'Flawinne', '916-106-356',
        'e9c039e6387ef3469feed2a39a7dca642510fcaea8fdc3616d778408b12fa949'),
       (148, 'pharetra.nam.ac@nuncinat.net', 'Ashely', 'Noble', 'P.O.Box127,1029DictumAve', 'Birkenhead', '300-937-689',
        '16bcbb4d4d0028255a8483bf23d3b8cdc4bf7f36350b1e866b984256894d278b'),
       (149, 'et.libero.proin@elit.org', 'Tad', 'Melendez', '382-6157MaurisStreet', 'Asnieres-sur-Seine', '252-035-678',
        '71fa86c4a935618efeef550806e19b87c3debf73560d3cbfc5e7d983b40bcd45'),
       (150, 'placerat.velit.quisque@mi.ca', 'Chester', 'Harmon', 'Ap#815-9439SemperRd.', 'PavlovskyPosad',
        '642-867-050', '0deea234e1a91c5f0ff39a26201ef5b969b1fee00bbcdafd1a4153c810a63fdd'),
       (151, 'ullamcorper.eu@turpis.co.uk', 'Meredith', 'Adkins', '188-2860FacilisisStreet', 'SaltSpringIsland',
        '802-339-148', '5087713cae501e59d01eb1ee99ef0ea620d5356b83670cc5993cc83ae6a2f0e7'),
       (152, 'amet.ultricies@semperdui.co.uk', 'Olivia', 'Berger', '8439TristiqueRd.', 'Nurallao', '564-479-316',
        'e5e9050efa145db492366793238059820bb75ea2675f2d4ed275b0e634706f45'),
       (153, 'dolor.nonummy@egestasaliquam.ca', 'Aiko', 'Strong', '774-4376NecSt.', 'Olathe', '401-977-069',
        '1dabbd580cfdb2c1e877fb5f4efe6b9c0dced633285456b69c0f749070a88a99'),
       (154, 'porta.elit.a@inmolestie.co.uk', 'Sheila', 'Hernandez', 'Ap#607-3664InterdumRoad', 'Cairns', '531-764-811',
        '30e3f296e2ff94c02275c08cd27825a5acbc0f4b161dd76ae7b723a9ee29945d'),
       (155, 'commodo.ipsum.suspendisse@nequevitaesemper.net', 'Paul', 'Mcconnell', 'Ap#118-7843ScelerisqueRoad',
        'Lincoln', '821-481-072', 'b04e99e6e06b9ce0094f482a74db729a50593a6530626e4cc070244cd3efee62'),
       (156, 'at.velit.cras@nulla.co.uk', 'Hilel', 'Copeland', '673-2888MaurisRoad', 'Ollague', '193-568-257',
        'd87594359099090606cbae768e9a63c950a60e9e8af586ee6b261b85c97b2050'),
       (157, 'proin@aduicras.edu', 'Marcia', 'Turner', 'Ap#320-2227Eget,Av.', 'Accadia', '316-867-144',
        '5cdfd4f631316d8d7c9e5926ec2e30e6aa9b1f637213cb711ecd27d64e2a8c00'),
       (158, 'cras@ipsumac.edu', 'Rajah', 'Hensley', '829-457Sed,Avenue', 'Moliterno', '915-434-564',
        '7655feb4a332cd540d210b9a84bcd9822dd3f8c5fbaeede2e54d8ac81065dcf4'),
       (159, 'habitant.morbi@velvenenatisvel.edu', 'Walker', 'Petersen', 'P.O.Box662,3349LiberoAv.', 'Marentino',
        '761-545-382', '70885ab6768881166fb6fc01f29da223f8265513745ea7f490c3de38a12afdfd'),
       (160, 'sociosqu.ad@tristiquesenectuset.edu', 'Cyrus', 'Morgan', '3511AliquamSt.', 'Washuk', '783-499-132',
        'dcc2e4aa8ec53350c9b4ebcf41486669061eaa8102b06342cc4a8fb65e489622'),
       (161, 'nunc@eutellus.ca', 'Rooney', 'Yates', 'Ap#898-5754Quam.Street', 'SouthBurlington', '126-446-053',
        '05f0b280848faf00987a24f46352d0aff66b5998dc224ce0538e95c929bfb9af'),
       (162, 'cras@facilisislorem.org', 'Richard', 'Livingston', '711-4162SitRd.', 'Latronico', '682-385-313',
        '7655feb4a332cd540d210b9a84bcd9822dd3f8c5fbaeede2e54d8ac81065dcf4'),
       (163, 'praesent.eu.dui@egestasligulanullam.net', 'Kasimir', 'Mitchell', 'Ap#342-4635EtiamSt.', 'Taldom',
        '865-487-792', '17fc6d761ab6450397e6a9b10495a635ef8191d4a41c7e23399d408b6e7069c1'),
       (164, 'suspendisse.tristique.neque@a.co.uk', 'Marshall', 'Blevins', '6462Risus.Ave', 'Farciennes', '789-274-319',
        '40842622efdae1a53a79448c5d8918e7637105822e347e538d8d4850d6030868'),
       (165, 'sed@magnauttincidunt.co.uk', 'Sylvester', 'Clark', '6530VitaeAv.', 'SaintLouis', '408-553-111',
        '5f53b0a2be22e28dc4b056f663910c046a33f9b2d779eaf997ea771fe1881a13'),
       (166, 'libero@phaselluselitpede.org', 'Rajah', 'Lang', 'Ap#900-589InAv.', 'Talgarth', '147-566-621',
        '59508e50faa1620dd7d0f430642b4e46f4cf44027a143f217626568e1f2ed113'),
       (167, 'duis.ac@lacinia.net', 'Leah', 'Ramsey', 'Ap#190-9480UllamcorperSt.', 'Ranquil', '146-857-270',
        '6877ab9e59fcc9b1db89c5bdafb903a22eb39b15d40a0bee68f527dc2590409f'),
       (168, 'erat.vitae@eleifend.com', 'Samuel', 'Kennedy', '302-7576VariusAvenue', 'Ceuta', '593-644-790',
        'b279f6742e8b2e2502252bb5957f2b96ac00100988d07f172967bbd8d0871d3a'),
       (169, 'et.magnis.dis@curabitur.com', 'Mona', 'Powell', 'Ap#438-1603Dignissim.Rd.', 'VTM', '224-675-814',
        '25d185cc6ecac7dca7d330b0b805e88af30a3db5ac48325178730786018a5f81'),
       (170, 'in.faucibus.orci@ettristiquepellentesque.co.uk', 'Hedley', 'Navarro', 'Ap#736-3163SedStreet', 'Tumba',
        '804-635-745', 'fd2bdf6a2b7b70e48004d35113daf4e9b06e0bb7e0a26a17de69b6713fa0a601'),
       (171, 'ridiculus@nonsapien.co.uk', 'Bethany', 'Goodman', 'P.O.Box769,4026SedStreet', 'Kirkcaldy', '775-352-522',
        '473ef8f21e63b3fe4563ba0a1821cc2af9ae3757cdd1d9ebd3d477aa11a83015'),
       (172, 'mi.felis@taciti.co.uk', 'Dante', 'Flynn', 'P.O.Box131,7985Enim.Rd.', 'Grosspetersdorf', '477-639-026',
        '218433a0df497fde31415674ff21ef3c4a3801017de08b3f1740bc5cef93cae1'),
       (173, 'tempor.erat@turpis.net', 'Odessa', 'Huffman', 'Ap#749-9865Dui.Avenue', 'Guaymas', '433-728-091',
        '7c9a21529ce905ed31fa4574b22ab41512af3236eb6dc6f3a3777f01713bd10c'),
       (174, 'malesuada.id@eratvelpede.co.uk', 'Brooke', 'Mcknight', '495-4088ConsequatAvenue', 'Columbia',
        '856-404-990', '42f84de45264f568047194d53a13e923db34ece38b535860e977e2f2b4471b3c'),
       (175, 'urna.justo.faucibus@risus.edu', 'Demetria', 'Hudson', '6324FermentumAvenue', 'Deutschkreutz',
        '151-835-194', '71ffc68aa3ef38c62946593b64ac59f4d7bbad5457d3cd9db1e432d842084be9'),
       (176, 'et.lacinia@malesuada.ca', 'Priscilla', 'Barrett', '685-4566NisiAve', 'Wanaka', '934-114-266',
        'f7a27ce84910384a2b9e7804771414e4d2f1befc87e8a55cef18b2e5560e6295'),
       (177, 'donec@innec.com', 'Tucker', 'Odonnell', '924-4017Velit.Ave', 'Alexandra', '676-243-070',
        '6d1d6c4a2b356afaf8278ecdf01cec9b1d8d96ef6ed8700ecf7e5987266cf3fe'),
       (178, 'et.rutrum@turpisegestas.ca', 'Denton', 'Torres', '709-3603DonecStreet', 'Herenthout', '692-973-003',
        '2e017cb53dd83d99629e9899bf58ab42d5bb3ebd2dbea2f8feaae75c961a8315'),
       (179, 'dignissim@semperegestas.net', 'Katell', 'Owens', 'P.O.Box668,9898LuctusRd.', 'Springfield', '979-381-557',
        '785f4aff40881c7aa4e6cd95f897a4f5f5484f02dd577620821943c888352925'),
       (180, 'eget@eu.com', 'Brianna', 'Espinoza', '8568CongueAv.', 'Malonne', '777-873-575',
        '4172c773526e604dc8ba808d7a1a7a294f49c07ce8743377efece064f98fab4c'),
       (181, 'aliquet.proin.velit@molestiepharetra.ca', 'Solomon', 'Stanley', 'Ap#875-5603LectusSt.', 'Lacombe',
        '245-723-814', '09a1729dbd8bfa63123612d54191d0c47a89c149d7acc8cbc74fff2db0876452'),
       (182, 'phasellus.in@fringillaest.edu', 'Rae', 'Molina', 'P.O.Box161,9850Rhoncus.St.', 'Perwez', '795-103-766',
        'fae0723780f0e311d9bdf92dbc4e59f513fccbf280cb27afb94d09345058cf51'),
       (183, 'diam.at.pretium@tellusjusto.com', 'Ila', 'Stout', '193-6565LaoreetAvenue', 'Chitral', '230-430-541',
        'd54b9857191cc55e25098f47cb8a301af160c8c8aa2c1ece3d3b08b5438e75c0'),
       (184, 'auctor@necmalesuadaut.co.uk', 'Leonard', 'Nolan', '972-183IpsumSt.', 'Envigado', '419-993-748',
        '95c22d91602b48972a12e798d0f40c9c99fc59da3b07b0fcdc86d73feb82d8ee'),
       (185, 'scelerisque@lorem.net', 'Berk', 'Michael', 'P.O.Box308,4147AccumsanAv.', 'Ohain', '778-395-710',
        '0f3e71b61fc72aeb5a8c989b5c1b60f6da6dcba1f4590f65f9b6ae7fa6ce03dc'),
       (186, 'vivamus@consectetueradipiscing.org', 'Colin', 'Zamora', '858-5007NullaStreet', 'Schwedt', '876-158-839',
        'ab7cdbd2aab31f937eafbf59618cffcb431933e5d36bfc9ad37a690d72afea60'),
       (187, 'neque.non.quam@tristiquepellentesque.ca', 'Gretchen', 'Parks', 'P.O.Box380,9369Mattis.Av.', 'Strongoli',
        '245-821-272', 'f1362d69d24dca1d284cede36d08963efec418289e608ad1800ffbb014a933b4'),
       (188, 'nonummy.fusce.fermentum@sodalespurus.org', 'Damian', 'Haynes', 'P.O.Box427,939ARd.', 'Valpelline',
        '754-517-778', '041f585b01bd911b69c4d3243c534e65facf76e2ea16700909e9ace4fe7da8c8'),
       (189, 'donec.fringilla@pharetra.net', 'McKenzie', 'Leblanc', 'P.O.Box703,1363Rhoncus.Avenue', 'Korba',
        '487-423-194', '0e71aadd54578bebc9ede98a65ecdc1754e2c1c66e1451bdfe1c377ee4cea121'),
       (190, 'consequat.nec@temporaugueac.org', 'Jerry', 'Frost', 'Ap#588-9292SuspendisseRoad', 'Baltasound',
        '630-144-391', 'a47060658991ca2f0e8c1652e24da10b71e070773706767af5c41ed2b09629d3'),
       (191, 'nec.diam@lacusquisquepurus.co.uk', 'Bernard', 'Perkins', '1015TortorSt.', 'Verona', '100-605-508',
        '4820797db4790b84cc45d8934df77e1bb1866a0c3cd3510933bb4ab1436147eb'),
       (192, 'amet.consectetuer.adipiscing@nisimagnased.ca', 'Bertha', 'Mckee', 'Ap#901-4424NullaSt.', 'Kirikhan',
        '681-185-049', '5969ea9aa5869171b05838d6e802b54a6daebe833dfcddd30d398d81f890c9a3'),
       (193, 'neque.sed.dictum@magnaaneque.net', 'Claudia', 'Lyons', 'Ap#606-9887Sapien.Avenue', 'Muzzafarabad',
        '818-771-301', '51df82e556f254ef7aa7ab12dc800095463464489dac9dd1d6a2dec50fbde46f'),
       (194, 'posuere.at@quisque.ca', 'Forrest', 'Watson', 'Ap#211-2567AmetAv.', 'Mojokerto', '430-035-626',
        '4938d0f4346a04edb4991ad23a83ac1d238f5e20137d1538643df534df768a25'),
       (195, 'varius@utipsumac.org', 'Sharon', 'Roach', '5176Id,Street', 'Cadiz', '581-433-116',
        '662c7099722163057e67345a04cf833713e743dfcbea0f3908b410eeef471188'),
       (196, 'placerat@loremvitae.com', 'Abigail', 'Barton', '7490MaurisSt.', 'Bellante', '566-510-659',
        'de0f82455d3f791a909b82e59d46870206ded2bbb076ccc0ca5e826cd80dcc80'),
       (197, 'eleifend.vitae.erat@convallis.ca', 'Isadora', 'Wright', '457-219CrasSt.', 'Burgos', '641-909-221',
        '83ea0cbe925a4fd80ed8bf48f92d130afe794006eacfbadc4791cea4abc9cf77'),
       (198, 'aliquam@namligula.org', 'Maggy', 'Peters', 'Ap#907-3865NullaStreet', 'GreatYarmouth', '659-589-931',
        'de1ac39240cf08510fe03c011b298468c479c0302a601c73b6a0a7eeb39a58d6'),
       (199, 'dolor.fusce@aliquetmolestie.co.uk', 'Abel', 'Carney', 'Ap#787-8543Tincidunt.Avenue', 'Bingen',
        '361-852-451', '9088fc4af82c4ea53bf182bf200f56e08313da68e6d8177f15802ec50193ecaa'),
       (200, 'urna.et.arcu@orci.co.uk', 'Whoopi', 'Good', '1532Nulla.Road', 'Cabrero', '412-546-927',
        '6a697cd854d341bebbffacfc24bf11acad3d8ff73b3fa0f8efa6a1f17a9f95c9'),
       (201, 'venenatis@eratvolutpat.com', 'Guy', 'Moran', 'P.O.Box144,5867QuisqueSt.', 'Stourbridge', '630-667-927',
        '903e5cf5764cb6d98a3ce419b2fe892fc5811a018ebb6098464860c833f33c32'),
       (202, 'egestas.rhoncus@consectetueradipiscing.com', 'Lani', 'Ratliff', '893ProinRd.', 'Koninksem', '194-052-412',
        '92830893b619b2ab2576c103c42c2f89d10034ffcee8c6e4161db9fd9c28aa2c'),
       (203, 'semper.egestas.urna@donec.com', 'Elijah', 'Perez', 'P.O.Box236,8468PraesentRd.', 'Nelson', '606-131-806',
        'fea2f647682bedd6546582aee4b1e67ea3e9c0b3e3440323b73b2144c652049e'),
       (204, 'natoque.penatibus@eunullaat.co.uk', 'Valentine', 'Cummings', 'P.O.Box427,4512SedSt.', 'Kelkheim',
        '637-651-861', '28f7546df2eba0813258a16df55fe22e9c88ce163fa24d5974a4c428786fbc1b'),
       (205, 'sed@temporarcu.co.uk', 'Halla', 'Eaton', 'Ap#371-7235Viverra.Rd.', 'Malonne', '302-867-554',
        '5f53b0a2be22e28dc4b056f663910c046a33f9b2d779eaf997ea771fe1881a13'),
       (206, 'adipiscing.non@etiam.org', 'Riley', 'Boyer', 'Ap#736-1606UrnaRoad', 'Aydin', '438-023-253',
        '9e058933c7ffd0e2bc61bbbd836d19644a58648f874caa9f210bb1da49088363'),
       (207, 'arcu@duinec.edu', 'Darryl', 'Sosa', '922-2599FeugiatRoad', 'Motueka', '896-157-994',
        'c48716b5aca89750ea13c61be67612fb87cfab5b20660de1d3e5072b8c28bdf5'),
       (208, 'pede.blandit.congue@tinciduntadipiscingmauris.co.uk', 'Catherine', 'Rollins', '426-6352IdAv.',
        'Sombreffe', '801-827-589', '3d517a36d0759e8237bf9443848a2e8d34e77ff44978eb3faa9ce2c65e7208d4'),
       (209, 'felis@metusvivamuseuismod.net', 'Athena', 'Ashley', '7226Risus.Rd.', 'Faridabad', '697-012-759',
        '68af2c96f86858c48a134557ee3acb3a84c8b531712a9dc2e7edbad68516e92a'),
       (210, 'dis.parturient@nullam.co.uk', 'Fuller', 'Noble', 'P.O.Box868,5897SitStreet', 'Viggiano', '466-377-693',
        '87675e67351b7081759d3573c982d4e01b8e9478c980d0e78e89db47be8ee7d3'),
       (211, 'lacus@vitae.ca', 'Sloane', 'Spears', '2333JustoAvenue', 'Bozeman', '921-700-713',
        '8dbaaf50589a159f46167b5eed22e0534ad1660b6e814ca6a1b8c3f50ce41a84'),
       (212, 'duis.a.mi@sodales.co.uk', 'Tanek', 'Wilkins', 'P.O.Box718,4320EtAv.', 'Cabrero', '366-154-071',
        'd0e4dfd15646bf0a3055f8be61ff85a6d36b0945ba5ce39545a81fcbd9b41c00'),
       (213, 'metus.vivamus.euismod@duisa.net', 'Murphy', 'Watts', 'P.O.Box183,8322Pellentesque,Ave', 'Montreuil',
        '430-654-106', 'da56af6e5e2bb15066ee7236d2bb39035de68231935f17b7ad66f4afd0238288'),
       (214, 'libero.dui.nec@consequat.net', 'Jeremy', 'Witt', 'P.O.Box289,9882Nec,Av.', 'Nicoya', '200-512-550',
        'fc52ff9c80fc19423141eb1562a3222dc2ec899faf66bde675f5810a579c0ff8'),
       (215, 'nullam.ut@pedecras.org', 'Jermaine', 'Klein', 'Ap#208-6723IntegerStreet', 'Montebello', '666-134-126',
        '8923431eb699355fbd86a5bb2bd432319e8a93be253f07958d4d93f92bc427df'),
       (216, 'quisque@malesuada.ca', 'Wesley', 'Solomon', 'P.O.Box647,7885JustoStreet', 'Petacciato', '889-716-265',
        'de6eb2c670925399798a7e92afa9235cbc5bbd6dbc999ab4557a272bc646a476'),
       (217, 'et.magna@atpede.net', 'Frances', 'Terry', '7828NullamSt.', 'As', '544-075-642',
        '5400ec8ca57c7d64bc9890246689afc0eb57ad92501f2bab71bafc43f97aadab'),
       (218, 'vehicula@scelerisquenequesed.net', 'Curran', 'Moody', 'Ap#890-2519NuncSt.', 'Alexeyevka', '552-853-339',
        '075233c965120c2234293d43615c56aeb51a111b0b7a8db3fa3ecbb0cea81e29'),
       (219, 'dictum@purusinmolestie.org', 'Talon', 'Roman', 'Ap#637-5014Placerat,Av.', 'Ostellato', '930-846-705',
        'ec4ea1443cd03ad5e52d5a4cf97b2ed487268485b07f6331bc9d8a7c16b230f9'),
       (220, 'dui@tristiquepharetraquisque.co.uk', 'Justine', 'Burks', '350SodalesAve', 'Etawah', '958-213-592',
        'b431412ccdaf8f49756004f9ff5a96166a4b1f6283380436991b732fd89bb04e'),
       (221, 'sodales.elit.erat@egestasduisac.ca', 'Chester', 'Valdez', '2175UltricesSt.', 'Gloucester', '586-495-219',
        'a6a614b2948d56bd8ba77444a5a849de00d9228ed85f9b7d0b9dbb51e8d031cf'),
       (222, 'egestas.aliquam@sedmalesuada.co.uk', 'Colby', 'Herring', 'P.O.Box788,4582Sem,Av.', 'Roosbeek',
        '767-299-955', '8d130531dec8a49287003c3efdbbadef487797140d9fc26bf1642d3634d05886'),
       (223, 'urna@donec.org', 'Charity', 'Copeland', '7423SitRd.', 'Aberdeen', '626-803-887',
        'b12c09a40023f45e247afc5b659adcc42514fa75652317edb3f513d9cb064326'),
       (224, 'augue.id@duis.com', 'Stacey', 'Park', '204-731QuisRd.', 'Racine', '646-796-344',
        'd2892f60d0e731c8816b592ab5718fd009c97d4243e461b90f061e1b7a872f94'),
       (225, 'orci@etarcu.co.uk', 'Hop', 'Chaney', '311InSt.', 'Sosnowiec', '194-204-418',
        '36fc5bd392932523ba6298dd5193db4fc377d2f1a340e2737b4144b5b5c97c49'),
       (226, 'in.lorem@idenimcurabitur.edu', 'Thaddeus', 'Reeves', '4607RutrumSt.', 'Tczew', '953-517-781',
        '35d538c7ce8881fe85f9dd5f2be7a9f509d8b9ecc330a4b6eeebd700fe55bc86'),
       (227, 'diam.eu.dolor@nullavulputate.ca', 'Latifah', 'Gilbert', '4970AeneanAve', 'Indianapolis', '342-882-125',
        '218eada505748cfe2b607dad150a41687751b3aac7a54fe34539b3a772f2644f'),
       (228, 'aliquam.nisl.nulla@cubiliacuraedonec.co.uk', 'Jared', 'Lyons', '6383TinciduntRoad', 'Balsas',
        '581-029-776', 'b35fbd2fb7676d902db008887bf4b0e65b70459fe484d03bcb00d2c9925af660'),
       (229, 'leo.elementum@interdum.net', 'Silas', 'Webster', 'P.O.Box105,439EgetRd.', 'Wodonga', '174-016-023',
        '37501ab969f204f3c8b6573e0db607df632f3c21407aa750185b6e67667d0413'),
       (230, 'elit.curabitur.sed@et.edu', 'Garrison', 'Castaneda', 'Ap#899-4130Orci,St.', 'Greenwich', '501-355-723',
        '28d459795133621b5b891c314aacc49d7d7481f921f418d3ad27ecd14aace6b1'),
       (231, 'nulla.facilisi@aliquamultrices.net', 'Branden', 'Lindsay', 'P.O.Box199,3466ProinSt.', 'Champion',
        '958-769-698', 'debaad67c08bc75262f3ebd3175a153a99e6e8fcfb6fe262b80814b33cc06228'),
       (232, 'duis@sollicitudinadipiscingligula.ca', 'Brendan', 'Cochran', '1708NullaRoad', 'Stilo', '252-084-805',
        'de69852cf203e068a48107b41918a2a87187fb2d5d99a6bc1c9f39cc6f81fa57'),
       (233, 'lorem.sit@risus.com', 'Julian', 'Kerr', 'Ap#607-2405VehiculaAv.', 'Spiere', '330-334-416',
        '4e5b1071021aeaa479c81793ef06b339b666eb35826b7bdc386b1fd50bf8380f'),
       (234, 'enim@ac.com', 'Basia', 'Small', 'P.O.Box128,6033NuncSt.', 'Kaliningrad', '438-010-159',
        '76d7862a92dfbab858fdda4919e1de24a291c553f819acda39830ba4efcd374e'),
       (235, 'dui.fusce.diam@hendrerit.com', 'Yvette', 'Case', 'Ap#652-8415TristiqueAv.', 'Woodstock', '171-514-922',
        '9e495b60b03546ce05f90dceeaf772afc0a4aec6cbfbca7345911f8e5e3bbfeb'),
       (236, 'dictum.placerat@varius.org', 'Zachary', 'Cruz', '275Leo,St.', 'Sclayn', '824-468-389',
        '3a7924a7adcbed7d3b77b635d1854bc8f0cd728dd89ad77b050ac146cf9b0406'),
       (237, 'a@mi.co.uk', 'Kylee', 'Chase', '347Magna.Road', 'Baltimore', '604-684-872',
        'ca978112ca1bbdcafac231b39a23dc4da786eff8147c4e72b9807785afee48bb'),
       (238, 'ultrices.vivamus.rhoncus@seddictum.ca', 'Gail', 'Franklin', 'P.O.Box580,4088Imperdiet,Road', 'Cabrero',
        '634-626-481', 'ab1ca74a29d4eb96948e6cfc08e4e3e307e6c55f3969bf561fc1dddc120c76e9'),
       (239, 'fusce.aliquet.magna@auctor.edu', 'Wylie', 'Holder', 'Ap#880-2309Nulla.Road', 'Gravelbourg', '523-399-693',
        '7cb42e7b9960ddeb6eb95edec05d442a2c72333e2789fe5fdb8ef60366d5a7b9'),
       (240, 'accumsan.convallis.ante@acmattis.net', 'Simon', 'Michael', 'Ap#813-8501VariusStreet', 'Diets-Heur',
        '461-499-283', '378a882769ce11806506ed49d09dd72447c3ec9c4537721a90789bb83f5c2113'),
       (241, 'orci.tincidunt.adipiscing@quisque.co.uk', 'Adam', 'Tanner', '730-3205SenectusSt.', 'Maraba',
        '258-805-069', '860fcb718e517bd176fe041eefcafaf6d58e341cf87df86c497dc5850a840c72'),
       (242, 'phasellus@liguladonec.co.uk', 'Charity', 'Hanson', '9457SedRoad', 'Chicago', '490-454-039',
        'bbfaa7f6d844869585d2b19fe17f4a2f2fcb28f39b9ddd1471307ebc45df2023'),
       (243, 'et.ipsum.cursus@nullam.net', 'Aladdin', 'Patel', 'P.O.Box436,6991SedAve', 'ClearwaterMunicipalDistrict',
        '902-430-417', '9196626d808f1ec9a0c6f7f7bf5b9d594c9cb2db340dfda41b188d7b873c91a5'),
       (244, 'magna.duis@nequeet.org', 'Adria', 'Vinson', '605-2207AliquetAve', 'Korba', '671-812-666',
        'de2ef12e3c7eddef3810e41f45f6520045eecaa3c7c141d10afddecb383f8cdc'),
       (245, 'ante.bibendum.ullamcorper@hendreritnequein.net', 'Sybil', 'Shannon', '548Enim.Ave', 'Heerenveen',
        '796-031-713', '3e80381207903309efc8c2545bcaab52deb466b4fbb9b75e1559072c4e165154'),
       (246, 'sem@tincidunttempus.com', 'Geoffrey', 'Fuller', 'P.O.Box342,8637QuisqueSt.', 'Vrasene', '355-273-001',
        'e604f8c97caaadb4c15db94f28d54802722aeba64e375071e4d1eeb1a3cc68fa'),
       (247, 'a.nunc@dolordolor.ca', 'Carla', 'Newton', '511-9626MalesuadaRoad', 'Sabanalarga', '950-938-319',
        'c6939df32aab14294b413b9aec036c800ac0878545c0ae709fad6fe7a2b43f24'),
       (248, 'nunc.mauris.sapien@cursus.co.uk', 'Amaya', 'Jackson', 'P.O.Box789,9279Non,St.', 'MooseJaw', '958-975-242',
        'fee0eab34b8571ff762901a62538fcde9fe15e01752e664781e777309d9de8a9'),
       (249, 'dis.parturient@mollisvitaeposuere.net', 'Kuame', 'Hill', '938-5512CrasStreet', 'Orvieto', '136-841-487',
        '87675e67351b7081759d3573c982d4e01b8e9478c980d0e78e89db47be8ee7d3'),
       (250, 'a@hendrerit.com', 'Magee', 'Guerrero', 'P.O.Box208,3583A,Rd.', 'Rosoux-Crenwick', '669-238-297',
        'ca978112ca1bbdcafac231b39a23dc4da786eff8147c4e72b9807785afee48bb'),
       (251, 'curabitur@risusnuncac.edu', 'Amena', 'Mathis', '117-213Quis,St.', 'Warburg', '141-717-710',
        '09ca4b92762a37568f5ea6c8ec616a0fb59de830c2da9058d9ec9852ca1bb693'),
       (252, 'nam@commodoauctor.ca', 'Armando', 'Camacho', '135-8136Vestibulum,Rd.', 'WhiteRock', '173-666-940',
        '592372bb39bc1c652ceb4091a694d77fa9ef5f144e3747c0539babe1a407428c'),
       (253, 'integer.eu@quis.co.uk', 'Caesar', 'Baxter', 'P.O.Box817,8426FacilisisAv.', 'Shahjahanpur', '238-785-474',
        '3b82078b25a8fd9f27053402dc0da16d473d31684d04be31e0457037f9322b04'),
       (254, 'aliquam.iaculis@sedpedecum.ca', 'Branden', 'Montgomery', '445-2571Nibh.St.', 'Sindelfingen',
        '153-037-156', 'dad2246a3c0980d87f59b11879f8cb478400e31bcb04a609f1ec628957cfee9d'),
       (255, 'nascetur.ridiculus@malesuadautsem.co.uk', 'Noelani', 'Burke', 'Ap#116-4780AccumsanRd.', 'Jette',
        '339-548-874', 'bffba37b69f93245ebf4d5a8296d35d2e4b2ffde6e83c16b5a3ebd352007c0ff'),
       (256, 'non@enimnislelementum.edu', 'Noelani', 'Andrews', '633-1203Neque.Street', 'Lexington', '378-854-803',
        'bcee72e6df5d56319125920f6c69d8001e938e122cd14597e547d49cc9126e42'),
       (257, 'vitae@faucibusut.edu', 'Nicole', 'Holloway', 'P.O.Box931,9263MolestieStreet', 'St.Albans', '220-653-402',
        'a228fa32cc863dd0b0dd19b43d5ec97be3d7d0a60a707a9ecc237ff31ef08353'),
       (258, 'nulla@consequatpurus.co.uk', 'Nayda', 'Patel', '365-8667MaurisAv.', 'Neuville-en-Condroz', '777-655-317',
        'b6dcc9641696879f9fbb763be53bec8639624d7f820c1b770aa508db6ba7dc47'),
       (259, 'eu.placerat.eget@feugiattelluslorem.org', 'Hammett', 'Strickland', 'P.O.Box261,3229ProinAvenue',
        'Kitchener', '156-282-075', '52dd5d568b3b9f31a366f94f55e8176e467d4d780e7c59bd3d6cb3ecc1285e9a'),
       (260, 'auctor.ullamcorper@maurisut.org', 'Louis', 'Whitfield', 'Ap#899-3451Libero.Street', 'Flensburg',
        '765-844-168', '17d001bb056f1403a3010417a8478301f649c329a78a1b42fee1c8baff7d7022'),
       (261, 'ut.aliquam.iaculis@orci.org', 'Hyacinth', 'Campbell', '8993Tincidunt,Road', 'FrattaTodina', '976-465-815',
        'd90e885ffa81dca226240a8de7c574ba576e77a437ed259bba18e81d4d463325'),
       (262, 'lacus.mauris.non@lacusvestibulumlorem.edu', 'Nathaniel', 'Garrison', 'Ap#218-740Nibh.Ave', 'Grosseto',
        '553-656-100', '0914189ed8184aab362001fc1d4e340ed6574bd71aa85a58f5b636954a92bd91'),
       (263, 'orci@libero.com', 'Amos', 'Payne', '7622DuisRd.', 'Artena', '273-359-771',
        '36fc5bd392932523ba6298dd5193db4fc377d2f1a340e2737b4144b5b5c97c49'),
       (264, 'lorem.fringilla@vivamus.net', 'Emmanuel', 'Franco', 'P.O.Box488,4950ConsectetuerRd.', 'Guelph',
        '666-156-084', 'dbf477aea21f0e49dcf40d116693908376cb87bc19e2a38635caccbf184ab403'),
       (265, 'lectus.pede@sitametconsectetuer.ca', 'Demetria', 'Doyle', '240-7530SitSt.', 'Sohbatpur', '577-821-648',
        'e2c32570a23cac8c6606eaba425b165171688f5be9c00db6da63e18e120114fa'),
       (266, 'quisque.nonummy@naminterdum.com', 'Cassandra', 'Stephenson', '261-2908DonecSt.', 'Bevagna', '861-700-334',
        '863a41dce9677923739fd2f10ce5c4f481e82db0ee564b42bbf8bf7a808a3b3c'),
       (267, 'morbi.quis@velarcu.co.uk', 'Erich', 'Cruz', 'P.O.Box489,6072EstStreet', 'Melbourne', '926-728-161',
        'c6653378dded84cff592749a36476902bee0e8e8fbad7e48a7314087cb7be5e9'),
       (268, 'non.vestibulum@cum.net', 'Dalton', 'Trujillo', '574-9810OrnareSt.', 'Meppel', '778-438-627',
        'ae3c92f3c030816ca36f268efe190b17d656f089a7439c595b734fdb84089c2e'),
       (269, 'ac.tellus.suspendisse@magnisdis.com', 'Nigel', 'Le', 'P.O.Box264,5565UltricesRd.', 'Montignoso',
        '410-701-846', '7d7a9358d0d3c4549a1dc06291d24e1b1005180706745464d771967ee04b29bd'),
       (270, 'in.sodales.elit@cras.net', 'Raphael', 'Dalton', 'Ap#849-4078VestibulumSt.', 'Budaun', '485-028-305',
        '765b63379083d028a798d8081f62570a7ebe43d31e7e4fa411244539de9647ac'),
       (271, 'orci.adipiscing.non@tinciduntdonecvitae.net', 'Melanie', 'Livingston', 'P.O.Box640,6738Tellus,Rd.',
        'Maglie', '516-775-860', 'a7e4b2990373051435cfbd8631bd239bfa7dc00ca942fcfeedd276591fe45ea6'),
       (272, 'malesuada.augue.ut@aeneanegetmagna.com', 'Hedy', 'Gonzalez', 'Ap#400-9023Purus.Ave', 'Uikhoven',
        '279-629-248', '41a154bdc42998ef3066eb4de4f86f86494f1b775af2377a7bb848abf2e4dbb0'),
       (273, 'ipsum.dolor@loremsit.net', 'Jonah', 'Wilkinson', '7261Ullamcorper.Street', 'Poucet', '299-681-052',
        '978bf3956bb1697155a71c0e71e82158b253584a4ee28969bd4380f8e8d9a3ec'),
       (274, 'lorem.donec@seddictumproin.ca', 'Kato', 'Barton', '306-4584Lorem,Ave', 'Patarra', '823-782-104',
        '0f314cae71293ad959921ab20ed21dbc764256569d7ae17749c05c929a8c5ca9'),
       (275, 'netus@suscipitestac.org', 'Xander', 'Horton', 'P.O.Box206,1829NecSt.', 'Yeotmal', '217-608-860',
        'c5c8a7dfdb002b191c7e72b89e80a3d59b508c915bcf0df19659d93f529045a9'),
       (276, 'lacus.ut.nec@nuncsedorci.org', 'Grace', 'Petersen', 'P.O.Box661,3891UltricesSt.', 'Cork', '220-120-983',
        '082d7854162d6f40956724047de869b9e0624608f2619f6b854049c1655d0bbf'),
       (277, 'mus@cras.org', 'Quin', 'French', '2419Mus.Av.', 'Tallahassee', '924-071-151',
        'b49b6976120c927c29fde58d6ff2cb92216b5ac4a258bb6cf03309fdc8d2e8b8'),
       (278, 'nam.tempor@elitetiamlaoreet.co.uk', 'Serina', 'Cobb', 'Ap#727-2537VivamusRoad', 'Memphis', '632-764-720',
        '392533a8a98b1de95d79612a1411f645eafdf03249e14a15d228688addf83532'),
       (279, 'facilisis.facilisis@aliquamenimnec.co.uk', 'Madonna', 'Pacheco', 'Ap#468-8160Elit.Avenue', 'Recogne',
        '463-307-461', '390d80a523556eb3dc97dd62a52703b560c2e94478322a8465a23dac220e66a0'),
       (280, 'accumsan.convallis@ullamcorper.net', 'Adena', 'Hubbard', '5632NuncSt.', 'Kaliningrad', '900-846-412',
        '6da7567e65a4f46ec9e7a9ee22348ac818aab895ebce6daaee458e017a39f020'),
       (281, 'iaculis.aliquet.diam@placerat.org', 'Noel', 'Church', 'P.O.Box381,4216LiberoAve', 'Shimoga',
        '961-370-424', '685ac941217ae68fd342e3c2fb023c10bd31ce31530319324724b8c253c6b214'),
       (282, 'suspendisse@tellusimperdietnon.ca', 'Odysseus', 'Hodges', '831-5638Odio.Road', 'Kech', '241-542-568',
        '315cb97b96d45fb5549a8bee0fc50eb3822efbcbe87ffa23dd30f5873d969e6c'),
       (283, 'elit.pede.malesuada@nequenon.ca', 'Michelle', 'Diaz', 'P.O.Box378,5502NecSt.', 'Stranraer', '917-552-067',
        '1233a1677299bb16081e22e7a2d37ce4e2d3507b50ec932c23e4b52d850ee21f'),
       (284, 'aliquet.libero.integer@at.com', 'Tanner', 'Haley', '8038Ipsum.St.', 'Juazeiro', '961-154-964',
        'f78b7176b3b67aeb572066ae56143eae8b191c60ae9cec62f42b2e0118acad4b'),
       (285, 'est@atarcu.net', 'Timon', 'Hughes', '621EstRd.', 'Palu', '284-414-460',
        'b6cf348bc9b1a71d9db0ce76c3b2645a3d57e2a6b2119b58a236adbef5e05c43'),
       (286, 'morbi.neque@metus.com', 'Ali', 'Oliver', 'Ap#728-2884InSt.', 'Payakumbuh', '443-004-286',
        '2f727e46ec6d78ed83c4b86b745226a6db501245cb120d6677a65b07331779f5'),
       (287, 'aenean.massa@atvelitcras.co.uk', 'Baxter', 'James', '611-5441OdioRoad', 'Bridlington', '170-911-639',
        'd1e0c331d7f86adf95453897913cb818c7f6bd94c746869c84db7077df626138'),
       (288, 'eget.metus.eu@rutrumjustopraesent.ca', 'Graham', 'Bradshaw', 'Ap#977-9431ParturientRd.', 'Esslingen',
        '983-558-805', 'adf8b274c181e3aa78609c1eadb4f9ed263827f1db96bf9d3b4b87b878f21399'),
       (289, 'commodo.at@nisl.com', 'Barry', 'Campbell', '451-8341EstSt.', 'ClearwaterMunicipalDistrict', '546-728-221',
        '0c22a987ac2d462a881f8df48b67909995170697c01c8be95962e1e70a011f11'),
       (290, 'in.mi@penatibusetmagnis.com', 'Nomlanga', 'Summers', 'P.O.Box487,7786Nulla.Rd.', 'Czestochowa',
        '337-764-811', 'cc0db48da7c36293a1be3dbb8c5f5b0fadb4620046a98d02cec24b1e0d69466d'),
       (291, 'est.mauris.rhoncus@ante.co.uk', 'Mara', 'Morrow', 'P.O.Box788,7441NibhStreet', 'Devizes', '890-186-754',
        '421764d376f92caeac2127fe9e497f0c7fa1b78662229c5aac9a0b620447f1c9'),
       (292, 'in.lobortis@utnisia.ca', 'Abbot', 'Blake', '8007AccumsanSt.', 'ChileChico', '543-134-274',
        '8b4be02ab0eaed138d1b6e72cc4133a4ccf46719188a22bbe74549b5d29109bd'),
       (293, 'mollis.non@indolor.org', 'Keefe', 'Padilla', '526-2203Eu,Rd.', 'Dresden', '352-343-715',
        'ea746fd2d5cfe25a15805fa57a1595e8e23f6f69c58ae20189b3468c6f9505cb'),
       (294, 'cras@rutrum.net', 'Rosalyn', 'Barnes', '3926Lacus.Ave', 'Pangnirtung', '817-669-703',
        '7655feb4a332cd540d210b9a84bcd9822dd3f8c5fbaeede2e54d8ac81065dcf4'),
       (295, 'orci.luctus@amifringilla.com', 'Kim', 'Pierce', '5576TristiqueAv.', 'Quenast', '758-293-890',
        'b6e026581bbb5946d0c729a7f3886ff6af8d6c128cfd782895e5380d41220aee'),
       (296, 'commodo.auctor.velit@loremac.org', 'Shafira', 'Hogan', 'Ap#602-4861Aliquet.Rd.', 'Baardegem',
        '451-630-129', '48f501004ec827e7e247f93d2a09c74b9f408e202f26ef6532bb63c82ce7a40c'),
       (297, 'elementum@pede.net', 'Sydnee', 'Knowles', '1250Sem,Rd.', 'Moorsele', '516-424-961',
        'e42f631f725652d946bbcf183808a35d685caa76b7efc04b21d2640a2832a16e'),
       (298, 'ipsum@ullamcorpernisl.net', 'Joshua', 'Newman', 'P.O.Box360,325PosuereRoad', 'Jette', '402-807-045',
        '0417c537e65d8e41ee92b7257726086854a8f41cd884842f52dcf05caf4109a4'),
       (299, 'aliquam.ultrices@fringillami.net', 'Gillian', 'Drake', 'Ap#402-5186MaurisStreet', 'Barranca',
        '828-911-894', '7492fd622b8d8aec9245df35c33a01dcd43c6a4195b5f61450c5c9fc79dea643'),
       (300, 'aenean.gravida@ligula.edu', 'Calista', 'Campos', 'P.O.Box330,4203TinciduntSt.', 'Naarden', '888-165-503',
        '2845827c900dca06c75a18ee6c77f9ec35d95c34bc27d677450f0da177960952'),
       (301, 'luctus.sit.amet@a.edu', 'Colin', 'Sutton', '652-2514FusceSt.', 'Epernay', '872-087-569',
        '87541448e07537c69ca87b586f6c9cbf448e4be8bdebf6de537b5ae1f25fb75f'),
       (302, 'magna@hendreritid.ca', 'Tucker', 'Avery', 'P.O.Box106,2716NuncAv.', 'ValleyEast', '283-762-710',
        '5cbf0b3eac51f5524b278def52db76c62fcee130ad1c63b320d573b7cf59dfa3'),
       (303, 'sed.nulla.ante@arcuvestibulum.co.uk', 'Teagan', 'Burke', 'Ap#686-5403FelisAv.', 'Stranraer',
        '303-415-982', '1a18bee0181961786de93568f46b8eb08b13120dfa848a3cc56f7b2117cf260e'),
       (304, 'cubilia.curae@tellusjusto.edu', 'Ariana', 'Salas', 'P.O.Box964,1906HabitantAve', 'Banchory',
        '784-814-148', '79f18f0a6012dd887e7b1acf194d6792a026d649fc6ba0f26df94275634a3cfe'),
       (305, 'eu.sem.pellentesque@facilisisegetipsum.ca', 'Kerry', 'Hull', 'Ap#559-4235AmetAvenue', 'Huntsville',
        '125-362-891', 'cb824afe01aafb5b671757cbebbe448796b43153876b908450884bbf2c550861'),
       (306, 'eleifend.cras.sed@quisaccumsan.ca', 'Harper', 'Baker', '609-6818AmetStreet', 'Ramenskoye', '508-110-336',
        '7c4ba67cfeac64005b3198a03bf782d03ab50619722441c0d674ef2deee471b0'),
       (307, 'magna.nam@laciniamattisinteger.co.uk', 'Eric', 'Hutchinson', 'Ap#630-5371Sem.Ave', 'Latur', '650-172-744',
        '78ab247a38ba0a719d9b5e016820a95dd1e4bbb7ee9bd02683b0dea2a44e690c'),
       (308, 'dapibus.ligula.aliquam@tempuslorem.edu', 'Gretchen', 'Greer', 'Ap#361-9526TemporStreet', 'Gisborne',
        '972-415-015', '8169110a68967e38466a70c912c9a11f3a6bb8eaf943ae16646ede00e275ee66'),
       (309, 'tempor.augue.ac@ipsum.edu', 'Nathaniel', 'Hebert', '724LuctusAv.', 'PortoCesareo', '338-697-275',
        '3de1b99eb9c4795f2258a573af2ab8e6eec0a28f1ceacd9d912bf08d62ef7431'),
       (310, 'metus.aenean@euaccumsan.edu', 'Austin', 'Simon', '8561Egestas,Av.', 'Ottawa', '896-553-504',
        '303f3b2b54285607036edc3d04902ea6018c82422a80b59964c07521e6600266'),
       (311, 'non.arcu.vivamus@quisqueliberolacus.org', 'Zeph', 'Branch', 'Ap#558-8238FusceRd.', 'Baranello',
        '376-822-095', '31aaa3ac12871266882b03fa03a5c3f513bbf133b54c532892dd86935909c5ed'),
       (312, 'adipiscing.mauris@nisiaenean.org', 'Danielle', 'Woodward', 'P.O.Box190,7047SedAv.', 'Kamyzyak',
        '807-066-751', '1a7eb1be470a701fa24329e8c1fa23352a4ad8ad4f878f61fe3cc12c7c30869b'),
       (313, 'enim@adipiscing.net', 'Rhiannon', 'Dillard', 'Ap#672-2514ErosRoad', 'Merbes-Sainte-Marie', '596-168-537',
        '76d7862a92dfbab858fdda4919e1de24a291c553f819acda39830ba4efcd374e'),
       (314, 'fusce@augue.org', 'Alexa', 'Hickman', 'P.O.Box341,5603ClassSt.', 'WatsonLake', '725-582-519',
        '3af48d4e908d5118d0cda5ba0ea49502090c3babc5468d990f9bf6cbe2128a75'),
       (315, 'rhoncus@metus.net', 'Tana', 'Holder', 'Ap#109-5877SitAv.', 'Penticton', '476-518-135',
        '01bb67b0ae4cad22de4aa0133a20d9439e4b2ca717ce66b6ef51ce17e52c3cf4'),
       (316, 'penatibus.et.magnis@aeneaneuismod.edu', 'Roary', 'Richmond', 'Ap#785-2149SitStreet', 'Yorkton',
        '392-577-414', 'd5b666ac3e671997db225e687aa137f21637fea8aff1eaa3729f55c91e77eb9e'),
       (317, 'quis@phasellusdapibus.net', 'Rosalyn', 'Baldwin', '7296DapibusAve', 'Cabrero', '755-110-445',
        'bac53a2cdcbf0a3d8fc1b1e573e81699382ed1080821d20ec1b47c7dddd02fa5'),
       (318, 'eu.turpis@ante.net', 'Cedric', 'Castro', '5189HendreritRd.', 'Presteigne', '366-346-775',
        '6694623ce6bc48bf46d19c172759dda0e4acb48aa52b8e30c71494e3516bff9e'),
       (319, 'feugiat@interdumnunc.ca', 'Dustin', 'Sullivan', '4276MagnisAvenue', 'Kirov', '452-516-947',
        '272ed47287600836e7ac6ff082a87390bac036faeeedb141d825a3fd0838b0de'),
       (320, 'felis.nulla@libero.edu', 'Clementine', 'Emerson', '2102Nisl.Street', 'Tuktoyaktuk', '574-746-990',
        '84c79d114d7a5f1b583a5ef9561119eb5d2e365dc544e0548f58f1cddadac0fd'),
       (321, 'maecenas.iaculis.aliquet@nuncrisusvarius.org', 'Imani', 'Hawkins', 'P.O.Box533,9310Feugiat.Av.',
        'Renfrew', '925-141-687', 'c2d360f294619f7d6122f2f614c7e2e359b6bd14c5bac7636ac29404379e7372'),
       (322, 'non.massa@nequevitaesemper.com', 'Thaddeus', 'Cline', 'Ap#801-7943EgestasAv.', 'Segni', '414-592-820',
        '4ed743eb6f0972177fc250c41e4862be55d4ab9d5028dc31fef3b0adfc1d66ba'),
       (323, 'urna@egestasnunc.com', 'Debra', 'Andrews', '509-3624DuisRoad', 'Colombes', '718-789-184',
        'b12c09a40023f45e247afc5b659adcc42514fa75652317edb3f513d9cb064326'),
       (324, 'diam.nunc.ullamcorper@suspendisse.edu', 'Madonna', 'Hunter', 'Ap#582-7192AuctorRd.', 'Dabgram',
        '312-222-457', 'b254cbfd76eb59071b6e968b4dd0ba278faf4059dcaa08db83e86b90c5a6a450'),
       (325, 'erat.volutpat@afeugiattellus.org', 'Keith', 'Mccoy', 'Ap#309-2746Tellus.St.', 'Placanica', '673-785-341',
        'ac43d71e30c05a986c7ae1ce81edccdbd2babb0dc5664e06699893915ac40599'),
       (326, 'convallis@tristiquealiquet.ca', 'Amelia', 'Christensen', 'Ap#943-5180NatoqueAve', 'Samsun', '917-362-532',
        '36d6abd26060700ded60652473c56f83a912fd98de31851dfe1e872686cb80c4'),
       (327, 'nisl.sem.consequat@odio.net', 'Guy', 'Ellison', 'P.O.Box887,6620AdipiscingSt.', 'Monstreux',
        '849-007-818', 'dc6d0b128a90ed19402dc75faadb442b8299b44cb86db9961d77dd4011b558ed'),
       (328, 'orci.quis@lectuspedeultrices.com', 'Dominique', 'Houston', '982-1332SitSt.', 'Iseyin', '459-747-374',
        '4e1b09a5abe4ea3275bcf3871a6245511efb2b07f7a10c0907852cdd5d7c195e'),
       (329, 'erat.sed@euismodet.ca', 'Amelia', 'Barlow', 'Ap#824-5357LobortisAv.', 'Viddalba', '120-984-808',
        'a16c42a42f41c4ce88184872820544dc2c39a28dbf7ea1bfa5b8f2da0768798c'),
       (330, 'viverra.donec.tempus@ipsumcursusvestibulum.edu', 'Keelie', 'Cross', '662-6668NuncAvenue', 'Bonnyville',
        '437-278-106', 'ec611a117038720f8b2093c30a13955de0797f8c3cfe674712507c687ad8d4b8'),
       (331, 'quisque.purus.sapien@maurisanunc.org', 'Carly', 'Graham', '3203Mollis.Rd.', 'Gary', '787-585-922',
        '3d3695002008909dc2bb2ee8fb54896ec4ae8658a3785f8fcc24d82363610904'),
       (332, 'a.aliquet.vel@tempusmauriserat.edu', 'Alden', 'Atkins', 'Ap#868-6054EuRd.', 'Sint-Pieters-Kapelle',
        '685-529-097', 'e6290f543a6690f64eab5e4bd6c42be249a6d76c3f82a003de9cb1244cd77669'),
       (333, 'mauris.ipsum@consectetuer.co.uk', 'Carolyn', 'Hahn', '428-3384MollisRd.', 'Isnes', '751-596-785',
        '8e131cc8c7b7bb02c8a86d3adf4ac2be4f2953ac42270c752e13ce6012478cfd'),
       (334, 'ligula.elit@sitametmassa.org', 'Scott', 'Mcknight', '176-4659VelRd.', 'Osorno', '258-363-682',
        'e8b789a2508010c59ddcd595e5c0acfb1be29ba3a4089ac6bc1a8f454d42ba88'),
       (335, 'eu@aodio.ca', 'Courtney', 'Sexton', '2430BlanditRd.', 'Bandung', '844-276-735',
        '4d0282941aaf2d694ddaa24fca75e503c73ab16fff3884cac12f39f882bc60cb'),
       (336, 'auctor@lectus.edu', 'Buckminster', 'Meyer', 'P.O.Box711,4084CommodoSt.', 'Tofield', '295-229-794',
        '95c22d91602b48972a12e798d0f40c9c99fc59da3b07b0fcdc86d73feb82d8ee'),
       (337, 'tristique.senectus.et@dolor.edu', 'MacKensie', 'Knox', 'Ap#205-5841Non,Ave', 'Carcassonne', '147-401-379',
        '4c6bf1eb3ffcdecf02cb35d2c8367ef96786ed8d2acfe6c12827fa309358a45b'),
       (338, 'risus@malesuadafames.org', 'Garrison', 'Leach', '793-8615FusceSt.', 'Tank', '521-304-242',
        'ff153e42293d7831b4565cf758e968fb11310370ab17955e66d04c18382e62d4'),
       (339, 'ante@nuncsit.co.uk', 'Solomon', 'Duran', 'Ap#176-4769CubiliaSt.', 'Cambiago', '501-486-611',
        'd968e224a0e0dbfbb51fc70ca0873e872988ac59564b9925922da28e83937765'),
       (340, 'turpis.vitae@vehiculaaliquet.edu', 'Irene', 'Walton', 'P.O.Box139,3721LuctusRd.', 'Desamparados',
        '642-955-092', '9becbb831db9b19b13b1f6cc1722388731f1978a62fd60cd01fe1bb0144bfce2'),
       (341, 'volutpat@dolor.edu', 'Zena', 'Holt', '188-3367Lectus.Ave', 'Fraserburgh', '333-983-204',
        'bcd9c7ef83dd881de57b5000d6c663aee229271aefefcae3a29e743e3b8c9477'),
       (342, 'vel.quam.dignissim@rhoncusnullamvelit.ca', 'Kasper', 'Ortega', 'Ap#336-1092SedRd.', 'Shikarpur',
        '880-264-851', 'dc7254abc973a5271a8f907e0998cd4df0d2232be7e85eea2b4f5714cf259fb1'),
       (343, 'lacus.nulla.tincidunt@duisvolutpat.net', 'Dale', 'Nixon', 'Ap#981-1886Ante.Road', 'Tampa', '199-515-257',
        '48b03f3da02f326729052f5ee2cb4bf0975f2d32d1908881f3beaa518225be7f'),
       (344, 'eu@atlacus.net', 'Daniel', 'Fisher', '549-8704SedRd.', 'Zittau', '192-641-800',
        '4d0282941aaf2d694ddaa24fca75e503c73ab16fff3884cac12f39f882bc60cb'),
       (345, 'facilisis.facilisis.magna@lectus.com', 'Odette', 'Cain', '2484ClassSt.', 'Whitchurch-Stouffville',
        '404-375-527', 'd057552f32122a1f614023bfa37d1023dfd31c815bef28bc9bd2a96dc82d9e39'),
       (346, 'suspendisse.commodo@nullam.edu', 'Riley', 'Mcgee', '390-4518DictumSt.', 'Casoled''Elsa', '227-574-732',
        '3b5826c9edaaff01a07ed68a41ef5400203d34ff8ad008174599b4a4edd08df1'),
       (347, 'aliquet@venenatisa.org', 'Gray', 'Weiss', 'Ap#673-7221EgestasRoad', 'Falmouth', '558-166-779',
        'e1a05ccdaffd9eab50416d85db59d64c8200e6e7c5e1c55fb8c2ec5738f0b1b2'),
       (348, 'morbi@elit.net', 'Dacey', 'Woodard', '6090NecRoad', 'Viggianello', '467-322-956',
        'c42dc324afebf760f29b92df07c0ea6ba833ba1582bbd511b688421f02c1255c'),
       (349, 'eget.laoreet.posuere@massa.com', 'Deacon', 'Booth', 'Ap#522-9265FaucibusAve', 'Pimpri-Chinchwad',
        '863-602-710', '2e4f6a077154188d81ba929427fb4b1b3946c40d7a6355235f22b173b43e8d76'),
       (350, 'non.lacinia@vitae.ca', 'Rahim', 'Kerr', 'Ap#998-3153AuctorSt.', 'Lasne', '629-228-977',
        'a75e7bc937e66cedd1fd0b71d9537569a9845b82933c77eca67e18178a58d055'),
       (351, 'hendrerit.a.arcu@molestietortornibh.net', 'Evangeline', 'Sandoval', '153-5594MorbiStreet', 'Bahraich',
        '117-697-704', 'f802ef9c33fc9216a57fcb32df046074b70d85d34016215c10da193a215f18bf'),
       (352, 'quam.elementum.at@sed.com', 'Noah', 'Fitzpatrick', 'P.O.Box965,2144ConvallisAve', 'Hondelange',
        '445-487-032', '792e5b3540361baa764637ddc9d5cb2f6796c75d8be90dae99cf21eb88cd6f5a'),
       (353, 'neque.nullam@aliquamnecenim.ca', 'Rylee', 'Solis', '131-5912Vitae,Av.', 'Eghezee', '962-829-482',
        '608de5ec12b5de4bf698eb7e5966c9921d54731b5630dd9506162a4a25ba9c39'),
       (354, 'adipiscing.mauris@integerid.co.uk', 'Ramona', 'Mcintyre', 'P.O.Box167,1279FermentumRd.', 'Guilmi',
        '179-293-604', '1a7eb1be470a701fa24329e8c1fa23352a4ad8ad4f878f61fe3cc12c7c30869b'),
       (355, 'magnis@pellentesqueeget.co.uk', 'Ivana', 'Pacheco', 'P.O.Box286,7762LoremSt.', 'Varna/Vahrn',
        '835-776-733', 'cc0e70dc79eccd2f86c4ff54398515c87f1c16b9951d00780d4eff06fd7c7852'),
       (356, 'nulla.integer@iaculisaliquet.ca', 'Alan', 'Nguyen', 'Ap#436-5117EtRoad', 'TownofYarmouth', '617-280-893',
        '74a9959a96c10094b4f67fe299d4e960ed8c52e084694e72c5feec6f82e73e5f'),
       (357, 'arcu.vivamus@donecest.edu', 'Joelle', 'Stanley', 'P.O.Box217,6245TristiqueAvenue', 'Bleid', '202-975-036',
        '163eb6ff8bd30c70078b46242b893ea28df9821e157910a626ee42b54cee1769'),
       (358, 'ante.nunc@volutpatornarefacilisis.ca', 'Levi', 'Callahan', 'Ap#674-6335AmetSt.', 'Aiseau-Presles',
        '615-779-890', '9c4aa8764c3571fd0f18776460a7360087162c3978729606b08f620faff24ddd'),
       (359, 'gravida@urnajusto.com', 'Illana', 'Clarke', '140-7476Enim.St.', 'Saint-Hilarion', '609-434-638',
        'e7f837bacf7f6a3111ae3851f8a3138cad73653d59f104c54f96025a4d243013'),
       (360, 'hendrerit.consectetuer.cursus@adipiscing.co.uk', 'Roary', 'Simmons', '631-3935Non,Rd.', 'Ethe',
        '490-397-266', '19fdc302010d64aae058a425da721466d19c95386c6d710321c30d76775650f9'),
       (361, 'aliquam.rutrum@cumsociis.ca', 'Devin', 'Hernandez', 'Ap#908-1770TemporStreet', 'Nassjo', '312-196-654',
        '1a2df8fbf71126cf5edd9e70953735df63efdb9c8865491f4542e3229e068b4f'),
       (362, 'vitae.sodales.nisi@atpretium.co.uk', 'Nyssa', 'Estrada', 'Ap#785-2502CongueSt.', 'Bansberia',
        '784-961-704', 'd0fe27fdfecabd063a0250d9ccabdb82f5fcaa7e99851995f72a20cd084e4e59'),
       (363, 'aliquam@nibhenim.com', 'Kenneth', 'Gill', '128-1225Ligula.Road', 'Vehari', '735-694-847',
        'de1ac39240cf08510fe03c011b298468c479c0302a601c73b6a0a7eeb39a58d6'),
       (364, 'placerat.cras@elementumpurusaccumsan.com', 'Ralph', 'Russell', 'P.O.Box603,7385Pede,Rd.', 'Bhind',
        '770-684-727', '25eb5c395aba948ae4c567619c1a58ce4688be53c04cfc3f5b74837ec17bb9ba'),
       (365, 'fusce.feugiat.lorem@quisdiamluctus.edu', 'Iliana', 'Barrera', 'P.O.Box444,519AliquamAv.', 'Hamilton',
        '872-854-400', 'b9554d519c7707033acbb17f484c89ca2672f1b1fb5d1f77b67bd06026613557'),
       (366, 'eu.arcu@semperduilectus.org', 'Ross', 'Crawford', 'Ap#684-535Mi.Ave', 'RaeBareli', '799-714-354',
        'ddb40154ef0fa942a58f480eb62a016c35b90082ccaecd7fd28ffc69ddb974b4'),
       (367, 'curabitur.ut.odio@phasellus.co.uk', 'Joshua', 'Weeks', '2166AcStreet', 'Lac-Serent', '961-298-594',
        'd1a382a89b297dedc35966d840fa2c6ffcfb2eb70e0fc19b6ba11d00eac70650'),
       (368, 'euismod.est@atpedecras.ca', 'Quinlan', 'Norris', '558-4617VivamusAve', 'Lexington', '668-132-710',
        'cd074cb966f16923f52918a4936e334f779a6bdb17bf0d5bcb660d5371944bc1'),
       (369, 'iaculis@posuerevulputatelacus.org', 'Keith', 'Villarreal', '4000PosuereSt.', 'St.Andrews', '913-811-632',
        '02cda8c8cfa40ee5d8c8787e5cda6b3c2ea06ceba81d7ec9b9a6e63e5898bc94'),
       (370, 'mollis.nec.cursus@donecnon.com', 'Moana', 'Knox', '8461LoremAve', 'Bottidda', '568-767-134',
        'e20c4e15e5388031429a4f0a4c89bba3f16d5fb3e0901c49fe40bcedfb461fe3'),
       (371, 'ullamcorper.viverra@mollisduis.com', 'Merritt', 'Spencer', 'Ap#490-4526Arcu.Road', 'Merseburg',
        '135-502-984', '079e8794e91d3423a6bce8fafad2d1de8883ff2a374921e614e9205acdfb66f7'),
       (372, 'vulputate.nisi@rutrum.org', 'Imogene', 'Talley', 'Ap#226-1302OdioSt.', 'Malderen', '777-959-194',
        '33b0de9d8e68f226fcfee9e23a52cb438eb95e6580dac63ccd66d9a0d5a6ceaf'),
       (373, 'massa@ametmassaquisque.org', 'Violet', 'Rice', 'P.O.Box633,7181PurusRd.', 'DeraGhaziKhan', '728-171-251',
        '67f9390708de76a98e5ab5b5445a8683f26b3f27761d743b637bfb5f342e251d'),
       (374, 'sollicitudin.orci@dolor.org', 'Aretha', 'Dunlap', 'Ap#752-9019MiSt.', 'Lipetsk', '130-687-577',
        '5417f9f75be912469f7766a3cb1dd91e690b588cc614c58297f00f290b9d172e'),
       (375, 'donec@luctusfelis.net', 'Abel', 'Riley', '6197FeugiatSt.', 'Machelen', '799-205-343',
        '6d1d6c4a2b356afaf8278ecdf01cec9b1d8d96ef6ed8700ecf7e5987266cf3fe'),
       (376, 'orci.quis@esttempor.edu', 'Mark', 'Ortega', 'Ap#582-7890IaculisSt.', 'Assen', '530-335-008',
        '4e1b09a5abe4ea3275bcf3871a6245511efb2b07f7a10c0907852cdd5d7c195e'),
       (377, 'quisque.purus@phaselluslibero.com', 'Moana', 'Browning', '691-5491IntegerRd.', 'Stene', '481-665-941',
        '59c07cbfa0143fb992d3bf5625e98f6841dc10f72b73e4c0c4de09d01b0d3403'),
       (378, 'feugiat.placerat.velit@nibhdolor.co.uk', 'Fallon', 'Lott', 'Ap#785-6796Viverra.St.', 'Benestare',
        '446-277-065', '096923bef7754362fe8c1b18f532ce2826d1fa9275c11e4dc9b7c33d80fa19d5'),
       (379, 'aliquet.odio.etiam@indolor.ca', 'Wallace', 'Sawyer', '627-6304VitaeRoad', 'MolinodeiTorti', '570-825-342',
        'f763f8bdf56f59a667f86f12ffcd981783c408a13007c40ef7ecbba1312397da'),
       (380, 'tempor@nequeinornare.edu', 'Yoshi', 'Sandoval', '954-9086TristiqueRoad', 'Gorakhpur', '306-158-419',
        'acb992d9c574cbc9d5c897c8a99efa2380db744e436adb26734eda56e69286f1'),
       (381, 'odio.auctor.vitae@diameudolor.co.uk', 'Dai', 'Bradshaw', '5648GravidaAvenue', 'Orroli', '368-729-596',
        '58f0d37bc8374a030fe14463c7bef7399cbedeb82dc6ba209c5d5c61a59441f7'),
       (382, 'eu.nibh@mollisnoncursus.net', 'Colton', 'Andrews', 'P.O.Box966,5696RutrumAv.', 'BiercZe', '743-412-754',
        '8b9c50fff4e50da65ef62849b646782805a11584d04049eb31e8bb41a28a2ae8'),
       (383, 'sapien@rhoncus.org', 'Lyle', 'Tucker', 'Ap#587-7244InRoad', 'Wichita', '637-435-828',
        'b45e01fd08124c11cac713f6b16c2439b311de60ee231b1249317942f4744980'),
       (384, 'ornare.fusce.mollis@nequenonquam.com', 'Odessa', 'Calderon', 'P.O.Box197,8887Odio.St.', 'Ajax',
        '597-629-554', 'a28028565ae882127c2eabb5a042d571649049ecb35164194ffbd28ebc531a20'),
       (385, 'sit.amet.risus@rhoncusdonec.ca', 'Fuller', 'Farley', 'P.O.Box467,4018ConsectetuerRoad', 'Gibbons',
        '991-718-647', '97a03fa56b790d4fcf7bfd86ff7ef05517d8e2ae47a9202f60dddecb7dc6335e'),
       (386, 'molestie@ipsum.com', 'Donna', 'Mooney', 'Ap#696-3566Vel,St.', 'Dunoon', '702-126-920',
        '180590db6a749bb2e01024d1c8188f755c92f16ba5c76e0d3c1f44a7f6b3a656'),
       (387, 'mi.felis.adipiscing@erosturpisnon.com', 'Miranda', 'Drake', '466-9311EnimSt.', 'Leke', '301-190-523',
        '69e73cb8658552e4dcf919061aa9a4f26e0451b4e0ff2609f41bb1079b857a0c'),
       (388, 'fringilla@molestiesedid.co.uk', 'Cathleen', 'Evans', 'P.O.Box671,2703Risus.St.', 'Zandvoorde',
        '964-359-481', '2f1eef51bd1c5e455726b466e90e80b9bc28162e35d7372d444afac03653f7e1'),
       (389, 'curabitur.egestas.nunc@aliquamgravida.com', 'Demetria', 'Middleton', 'P.O.Box803,7924Leo,Road',
        'Welshpool', '311-160-359', '8ab937e2d13ad529e835aa64a283f81949676b43a6e138a30b41a04e31d4a97d'),
       (390, 'egestas@velitpellentesque.net', 'Jayme', 'Combs', 'P.O.Box321,1987MorbiSt.', 'MountPearl', '217-303-164',
        '6a52383baec19412b18f4b6fa0c801af5dc249ffb94b5e5a496343cd2aa9dad9'),
       (391, 'ac@vestibulum.co.uk', 'Brett', 'Young', '630-8112PosuereSt.', 'Colchester', '854-039-354',
        'f45de51cdef30991551e41e882dd7b5404799648a0a00753f44fc966e6153fc1'),
       (392, 'faucibus@consectetuer.org', 'Sheila', 'Marquez', '681-363VenenatisAve', 'Warburg', '160-052-425',
        'e3263a28f5df5696e5664b9859fa948d25bfb137433bf630908a197c9754d39a'),
       (393, 'ligula.donec@risusduis.ca', 'Beatrice', 'Oneill', 'P.O.Box422,2510Pede.St.', 'Warren', '309-238-193',
        '51f0ed2071e39f5b3022eb4364e879fa07a16afbb83c492e99ce94f80cd2b712'),
       (394, 'commodo.hendrerit.donec@ornarelectus.ca', 'Jared', 'Mcpherson', '1719LacusSt.', 'Kimberly', '468-623-259',
        '1b50df99ffc60dd36fda645a1f86b2cddc0d5854680f498a4646d0618311bb89'),
       (395, 'nisi@tellusimperdiet.co.uk', 'Nash', 'Sparks', '3093EtRoad', 'Bedollo', '983-577-712',
        '72ddd2cc4594aa1134b8eaa9da845a31e70ad31ef81b0968f6d58b310c9a9926'),
       (396, 'interdum@ante.co.uk', 'Gray', 'Jones', 'P.O.Box749,4873EuAve', 'Palu', '768-602-872',
        'd0b3389151383e0934a2c87861e508b247f87deaf93e2f779dab1caa7b38fa3c'),
       (397, 'a.arcu@urna.net', 'Camden', 'Fitzpatrick', 'Ap#121-9383Ornare,Avenue', 'Fortaleza', '875-478-184',
        'b255a52dca43c30e4b9d2e7e4a101f0b8cec76e48cf7934bc749bf185470121b'),
       (398, 'pellentesque@ipsum.ca', 'Slade', 'Bennett', 'P.O.Box969,2302AdipiscingRd.', 'MogidasCruzes',
        '337-004-404', 'c62b1e369e20c85e73ce13c49826b3fc700add622c9d525f900944f0b3e22674'),
       (399, 'nisl.sem.consequat@velvulputateeu.edu', 'Rooney', 'Love', 'P.O.Box131,289VelAve', 'FortSaskatchewan',
        '325-357-209', 'dc6d0b128a90ed19402dc75faadb442b8299b44cb86db9961d77dd4011b558ed'),
       (400, 'orci.lobortis.augue@congueelitsed.org', 'Vincent', 'Whitaker', '8619TortorRd.', 'Leon', '854-544-140',
        'f21b0c0b473b725527c4e4630a06a1cc338a7ac955d988c83408e4eccc22bd6d'),
       (401, 'sem.ut@integerurna.ca', 'Baxter', 'Rivera', 'P.O.Box956,8816Blandit.St.', 'Bengkulu', '582-701-828',
        '0d416a9ecb640132880b6bdcf5d43af72ae2403965f0a5021a29b2f89967441c'),
       (402, 'tortor@nulla.edu', 'Rhoda', 'Cunningham', '1103Nec,Rd.', 'St.Thomas', '793-795-606',
        '53aa959e01830333d8dc490d63956ce69a264b417cb95f21514c1c480fa0c206'),
       (403, 'at.risus@variusultrices.edu', 'Dominique', 'Lamb', '9834IpsumAv.', 'LittleRock', '513-317-607',
        'cc8999ccb8c29a663659848bd38aa2a66583ec02f650351ed58565358d51e497'),
       (404, 'fringilla.purus@nibh.ca', 'Addison', 'Hudson', '596-863CrasSt.', 'Segovia', '552-244-323',
        'd719b829c66c552e98cf12f3c7ea621b03eb798e09e37e1ecefa6acdb9354ed3'),
       (405, 'ut.dolor.dapibus@integermollis.com', 'Josiah', 'Hooper', '916-6251NasceturRd.', 'SaoJoaodeMeriti',
        '610-820-266', '43a5dec1d47f006795b79bdfa583977ec76451bf9ec712c16f90f0d79813b4b0'),
       (406, 'volutpat.nunc.sit@nullaintegervulputate.co.uk', 'Roth', 'Schwartz', 'P.O.Box422,4265Curae;Avenue',
        'Mostazal', '873-979-583', '9b45e8898fb49dd0515e814e681d6dfee600446ca522a99fc8661673cc311e73'),
       (407, 'cras@eu.org', 'Nora', 'Melton', '736-6291PellentesqueRd.', 'Zolder', '481-137-064',
        '7655feb4a332cd540d210b9a84bcd9822dd3f8c5fbaeede2e54d8ac81065dcf4'),
       (408, 'et.euismod@a.edu', 'Michael', 'Dorsey', '893AcAve', 'Akhisar', '505-613-387',
        'd357fcadadc2022ae1af5c19058565dcd057379a67e25e9355db201a85ba903f'),
       (409, 'sodales@augue.edu', 'Vernon', 'Gibson', 'Ap#520-3888EstAv.', 'Rueglio', '822-303-667',
        '18a96e45a5cd770507d824b4f765a93ce6433e457d3ff62bae90c85d80a5fc30'),
       (410, 'netus@utaliquam.ca', 'Priscilla', 'Scott', '412-1372Leo.St.', 'Milwaukee', '398-145-723',
        'c5c8a7dfdb002b191c7e72b89e80a3d59b508c915bcf0df19659d93f529045a9'),
       (411, 'magna.malesuada.vel@quis.com', 'Talon', 'Duncan', 'Ap#983-8938TellusAv.', 'AlcaladeHenares',
        '728-679-341', '4bd4bde78a2e59f803aab28a436e1d1afd4be98f905f6fdd74def6fe7634987b'),
       (412, 'ultrices@odionam.edu', 'Brady', 'Bean', 'P.O.Box680,8161IdRd.', 'GovernadorValadares', '299-794-584',
        '6a8767179df2d30ea2e2e12a362099fdef028a7b33f2f962f31c33b560828f5e'),
       (413, 'tortor.integer@accumsanneque.com', 'Sage', 'Bennett', '6894VariusSt.', 'Machali', '549-322-359',
        '41bd4dfa1f564938544412397f57c63acd96fd66324ffd15ceeccfa135ee4fff'),
       (414, 'curae.phasellus.ornare@quismassa.com', 'Candice', 'Michael', 'Ap#368-8019Sem,Av.', 'MottaCamastra',
        '864-432-409', '15b45d4e03eff2470e65ab62bcab3f7e4a89c4a0510c606f634de82088fe7d31'),
       (415, 'sit.amet@atsemmolestie.net', 'Orlando', 'Bender', 'P.O.Box214,4836Vitae,St.', 'Bowden', '316-257-587',
        '020439f6207f81a85a9264106ac7f5939afd1ff71bb9203132a97c80bcc670a6'),
       (416, 'ante@etiambibendum.org', 'Joelle', 'Chavez', 'P.O.Box327,6743Enim.Rd.', 'Heerlen', '439-728-752',
        'd968e224a0e0dbfbb51fc70ca0873e872988ac59564b9925922da28e83937765'),
       (417, 'eget.dictum.placerat@mollisintegertincidunt.net', 'Yardley', 'Kelly', 'Ap#930-3845MaurisRd.',
        'Pointe-du-Lac', '158-094-190', '44bfd1c1014b1b539ae33ebbbdc709d106ac48d0731209165e584937a5b4b4ea'),
       (418, 'donec@nunccommodo.net', 'Elizabeth', 'Castaneda', '527-6332SitRd.', 'SwanHills', '208-778-111',
        '6d1d6c4a2b356afaf8278ecdf01cec9b1d8d96ef6ed8700ecf7e5987266cf3fe'),
       (419, 'habitant@justo.com', 'Alika', 'Stark', 'Ap#442-4852LobortisSt.', 'Kasli', '679-901-393',
        '838396b31afc5843fcc3e9718895275fef0494ca7c949b64f785dd9ad3c1cd8e'),
       (420, 'enim@fermentumarcuvestibulum.org', 'Merritt', 'Hess', 'P.O.Box618,3984ConsequatRoad', 'l''Ecluse',
        '572-659-956', '76d7862a92dfbab858fdda4919e1de24a291c553f819acda39830ba4efcd374e'),
       (421, 'in@enimetiamgravida.edu', 'Murphy', 'Kirby', '459-8270EuismodRoad', 'Lens-Saint-Remy', '614-492-599',
        '582967534d0f909d196b97f9e6921342777aea87b46fa52df165389db1fb8ccf'),
       (422, 'vitae@loremut.co.uk', 'Alea', 'Cook', 'P.O.Box232,1094NequeStreet', 'StrathconaCounty', '798-205-238',
        'a228fa32cc863dd0b0dd19b43d5ec97be3d7d0a60a707a9ecc237ff31ef08353'),
       (423, 'sapien.imperdiet.ornare@egetmollislectus.org', 'Kuame', 'Deleon', '763-2808LobortisSt.', 'Loreto',
        '737-218-497', '1faa9b630fbeb24290f86e1954d0298187211d42246be109a289b9e8ff03b45f'),
       (424, 'sit@lectusquismassa.org', 'Camden', 'Russell', 'Ap#465-8702SemperStreet', 'Coalhurst', '911-007-457',
        '584178e5e3517ddcebc66340917adc3a27ce4be359a29aa827563d481ff5d67a'),
       (425, 'auctor@blanditnamnulla.net', 'Brynn', 'Chambers', '2441EuStreet', 'Varanasi', '302-478-058',
        '95c22d91602b48972a12e798d0f40c9c99fc59da3b07b0fcdc86d73feb82d8ee'),
       (426, 'mus@tinciduntduiaugue.net', 'Yvette', 'Shaw', '7829LuctusAvenue', 'Scorrano', '846-721-599',
        'b49b6976120c927c29fde58d6ff2cb92216b5ac4a258bb6cf03309fdc8d2e8b8'),
       (427, 'metus.aenean.sed@dolor.com', 'Channing', 'Christian', '3005Nulla.St.', 'PortoAlegre', '164-235-554',
        'a31e1747f13f0297aa8d0906ea1f9d565c0813d06b00e396e284681826c97f24'),
       (428, 'sit.amet.nulla@risusvarius.co.uk', 'Griffith', 'Mack', '439-544DuisAv.', 'CastellinainChianti',
        '538-599-362', 'a949943ab9677f51b9db72858413e74109ed022880f15f655b9367aed62dedfe'),
       (429, 'aenean.euismod@atvelit.ca', 'Kelly', 'Bradley', 'Ap#316-8631CrasRd.', 'Augsburg', '314-307-067',
        '19df3596ec9470507d32f1705bdb0382475a546a96d9b0bdda9e11ff91bae83e'),
       (430, 'nullam@adipiscingmauris.com', 'Kylynn', 'Heath', 'Ap#972-6135Leo,Avenue', 'Bovesse', '196-254-519',
        '01c6f1768665aabc2dca81c7dad68830c6ecaadc89cd7b5584a63825cd2cd903'),
       (431, 'et@tellussem.org', 'Mary', 'Mcgowan', '638-7354Amet,Road', 'Antakya', '169-053-648',
        'f056b8cae37dc3ed60ee52da9a2951f8a6c531fe3222a3ad6835dbdd905c7d2a'),
       (432, 'in@suspendisseeleifend.ca', 'Lareina', 'Howell', 'Ap#201-5384VelitSt.', 'Scandriglia', '616-609-627',
        '582967534d0f909d196b97f9e6921342777aea87b46fa52df165389db1fb8ccf'),
       (433, 'lectus.quis.massa@eu.net', 'Ina', 'Zimmerman', '445-8724SitAve', 'Shatura', '981-768-058',
        '7f33bfbdde1a8a0c0736690bda34b299b481d7927950a6436e52bce0499b555d'),
       (434, 'donec@risusdonecegestas.com', 'Damian', 'Delaney', '861-6791EtStreet', 'Gdynia', '379-145-756',
        '6d1d6c4a2b356afaf8278ecdf01cec9b1d8d96ef6ed8700ecf7e5987266cf3fe'),
       (435, 'est@loremipsumdolor.org', 'Jordan', 'May', '6151Arcu.St.', 'Ferlach', '770-849-772',
        'b6cf348bc9b1a71d9db0ce76c3b2645a3d57e2a6b2119b58a236adbef5e05c43'),
       (436, 'habitant@dapibus.co.uk', 'Mikayla', 'Oneal', '589-418Est,Rd.', 'Neu-Ulm', '320-719-750',
        '838396b31afc5843fcc3e9718895275fef0494ca7c949b64f785dd9ad3c1cd8e'),
       (437, 'fames.ac.turpis@lacusaliquam.ca', 'Clark', 'Goff', '835-2680PhasellusAve', 'Raurkela', '884-707-912',
        'dcfaf92168eeea18c13e3a41723c5f9963e475dc52d702a45bfc2f78c961703f'),
       (438, 'ac.metus@mauris.ca', 'Hayden', 'Hunter', '5691Libero.Street', 'GZrompont', '626-665-530',
        '0f83999261e62b83843064d1a97e3d40b1b8076ceff465b269e7f8c41b2640ca'),
       (439, 'quis.massa.mauris@nuncullamcorpervelit.net', 'Lara', 'Phillips', '208-7840MaurisAv.', 'Asse',
        '451-820-900', 'aa398ca49adc26b20e612707469f9f5c62c9d493d2ad286b3fe118257b40bab2'),
       (440, 'lacus.quisque.purus@magnasuspendissetristique.net', 'Jemima', 'Le', '4379SollicitudinAv.', 'Gaya',
        '218-432-763', '3f7394f803afcb7309a7455eae3f8937c34f2be4117b178c3b50d418fe0f2b46'),
       (441, 'urna.nunc.quis@tempusloremfringilla.co.uk', 'Steel', 'Wallace', '818-9568Vulputate,St.', 'Pontarlier',
        '709-121-978', 'f2534b7f4959525e96610acbc7e18a66e5da4976fd92a01be7595bc20971b57d'),
       (442, 'et.ultrices.posuere@sagittisaugue.co.uk', 'Hadassah', 'Jacobson', '535-4830FeugiatSt.',
        'MeerutCantonment', '580-264-184', 'fba86b1f315364f5ceb8d6d8a213bf68229ed15ddda3e68ab5f43cc0e5cc2559'),
       (443, 'purus@dui.ca', 'Dexter', 'Richard', '176-2100Sed,Ave', 'Monteria', '830-465-496',
        '0bfd3209c54e3158bd0cc7428807fae71771584e84798326d537612b7ac91a29'),
       (444, 'hendrerit.id@acmattis.com', 'Dorian', 'Bird', 'P.O.Box829,9734IntegerAvenue', 'NaushahroFiroze',
        '981-875-169', '54178a1e3e12d43bd2e9f4a4f196e25c84a03b664ec11ea3de2d8529cf79ef46'),
       (445, 'primis@dapibus.net', 'Angelica', 'Osborne', 'Ap#157-169NullaAve', 'Amqui', '898-330-161',
        'e35d3159a10d9f0de66bfd8e991fba4514b4fb787f3ce6c2d8c4d5cf06597dce'),
       (446, 'mauris.ut@augue.org', 'Ariana', 'Hunt', 'Ap#241-6740PlaceratRd.', 'Siddi', '970-858-172',
        'b672c5112eec6d71e1002eca1dc6146f5724e305647ee339e2b8e7a6e081e9b3'),
       (447, 'nisi.magna.sed@aliquam.org', 'Logan', 'Battle', '5752OdioRoad', 'Tsiigehtchic', '802-667-589',
        '29d121829ab763b9178b23c3d0e448be54717ce7eefcfc4e34ed2515be9c048f'),
       (448, 'quisque.porttitor.eros@etnetus.org', 'Armando', 'Ellison', '475-8820MolestieSt.', 'OugrZe', '972-887-695',
        '7776cd4c7a48230621da560922e026ea7d97ebfe6a56094440ce67daab66fed5'),
       (449, 'dapibus.rutrum.justo@augueac.net', 'Burke', 'Weeks', '8590EuAvenue', 'Chatteris', '972-012-447',
        '52b046cee43442d3a2862fb7c042d69070adf43a96ca7c4975ffa01064555639'),
       (450, 'lacinia.at@loremauctor.net', 'Kyla', 'Nicholson', '322-7378VitaeAvenue', 'Ponti', '246-479-457',
        'd116d5dec611e6c8cd29c7b7883d7b8f0c7f01d6a1e02a57486a10fc4bb77442'),
       (451, 'iaculis.aliquet@fringillami.ca', 'Nyssa', 'Hanson', 'Ap#281-4263MorbiAve', 'Osgoode', '904-592-167',
        '25d31d01fced7ece970cbb80e00122c73970f2a47f049ad37034a074c856ae4b'),
       (452, 'felis.orci.adipiscing@enimsuspendisse.net', 'Anjolie', 'Frye', '1500Ornare,Avenue', 'Terni',
        '687-340-485', 'b2efac088bbc509ea93cc6b1e0c551390b87110ed09909e0115dc2ffcde4bc56'),
       (453, 'sollicitudin.orci@sednulla.co.uk', 'Sonia', 'Conley', 'Ap#572-7480NamAvenue', 'Horsham', '976-202-399',
        '5417f9f75be912469f7766a3cb1dd91e690b588cc614c58297f00f290b9d172e'),
       (454, 'proin.dolor.nulla@scelerisque.com', 'Dexter', 'Hayden', 'P.O.Box642,7477VestibulumAvenue', 'Barrhead',
        '150-111-825', '03e73ce429e841e4efc3d076eceefba600615899ff6447d6dd577cc8607ba2e9'),
       (455, 'leo.vivamus@maecenasmifelis.co.uk', 'Noelani', 'Farley', 'P.O.Box342,6197MaurisStreet',
        'CuronVenosta/Graun', '456-450-946', '55e783c66b914b5702598987a86aa62014448e85c14cea7b67cc194734f670f5'),
       (456, 'faucibus.leo@tincidunt.co.uk', 'Paula', 'Holt', 'P.O.Box520,9680SedRd.', 'Booischot', '870-886-716',
        'd2794b9cb6dc4150a5fe3b0f486dd1402e563276aee609e4002d77265067c6aa'),
       (457, 'eu@neceuismodin.edu', 'Lila', 'Booth', 'P.O.Box958,6171Elit,Street', 'Schagen', '988-553-931',
        '4d0282941aaf2d694ddaa24fca75e503c73ab16fff3884cac12f39f882bc60cb'),
       (458, 'elit@sollicitudin.edu', 'Wendy', 'Ferrell', '411-5766Nisl.Road', 'Chiaromonte', '226-981-573',
        'e083bcc078b96ea652eeab2dcb44eab848c5be481edeb86e5abb197a695898b9'),
       (459, 'proin.dolor@nostra.edu', 'Cullen', 'Stafford', 'Ap#733-1611Mattis.St.', 'Bowden', '879-562-293',
        '82fc67f389bd0f0c29826e799a58b06ce291b7dca8c323e0099e4a2ecf894ba5'),
       (460, 'lobortis.nisi@imperdietdictummagna.ca', 'Grant', 'Mckee', '9476Tortor,Avenue', 'Nevers', '873-561-164',
        '292624542b060380a0a42248c9ba697f605b1d97169517bdf53b2cd928903827'),
       (461, 'mauris@nullatincidunt.co.uk', 'Lavinia', 'Lane', '2645Sapien,Avenue', 'Meridian', '423-265-156',
        '38b190e5fac5c3009bd46b8f3f32aef057d2a39a12b514058553b0686b63c7ed'),
       (462, 'pharetra.quisque.ac@sagittisaugueeu.edu', 'Kibo', 'Thomas', 'P.O.Box888,3162Ipsum.Avenue', 'Contagem',
        '547-401-568', '7767d7b5e0bbd9fc2f74f13efcd9b6dcef1604946fcb227b9690c477a72dbf25'),
       (463, 'interdum.nunc@felis.com', 'Grady', 'Logan', '8163AliquamStreet', 'Schepdaal', '720-682-475',
        '54832d8db74c8d77f7946649ed2ab0aaa3305572d5fe46210f648c8ca987159c'),
       (464, 'quam.dignissim@fermentumvelmauris.net', 'Dieter', 'Calderon', '377-4922A,Avenue', 'QuebecCity',
        '384-712-239', '9bfa33f68a095c04319814ed172627cbaac17bedfa20754e42df1a605de98c71'),
       (465, 'sed@musproin.org', 'Bruno', 'Pollard', '453-7887EtAvenue', 'Pyeongtaek', '976-538-051',
        '5f53b0a2be22e28dc4b056f663910c046a33f9b2d779eaf997ea771fe1881a13'),
       (466, 'ac.nulla@ametdapibus.co.uk', 'Charles', 'Myers', '191-3632Eget,St.', 'LugnanoinTeverina', '123-833-575',
        'df762a1af82cccd6ff5f1c356c6a9f4808ec71e8e99123ec1d5a4beb6dc43ffc'),
       (467, 'enim.non.nisi@nonmagna.co.uk', 'Xaviera', 'Savage', '753-9403AugueAvenue', 'Waiblingen', '678-498-513',
        'e44f425fbeefc453be2044ad3ce3f72c74570c365061be0747660a4163de859d'),
       (468, 'malesuada@sed.ca', 'Mira', 'Benson', 'P.O.Box213,3721LuctusSt.', 'Junagadh', '985-286-766',
        '505144fc0c5226b0d52e37a0f2130eee4dffcc2f1e57b7ddae66714c429407c5'),
       (469, 'et@velturpis.edu', 'Neil', 'Dean', '555-1984SagittisAv.', 'Gonen', '165-336-240',
        'f056b8cae37dc3ed60ee52da9a2951f8a6c531fe3222a3ad6835dbdd905c7d2a'),
       (470, 'nulla@hendrerit.com', 'Yuli', 'Bridges', '8482AliquetSt.', 'Valledupar', '847-361-378',
        'b6dcc9641696879f9fbb763be53bec8639624d7f820c1b770aa508db6ba7dc47'),
       (471, 'magna.sed.eu@mauris.ca', 'Mary', 'Atkinson', '360Felis.Rd.', 'Friedrichshafen', '526-332-183',
        '067d0d3674d0b206bb0d5fc1ab06d71df730b2cbbf7160fd9db1aeb8ade3f5c6'),
       (472, 'urna.suscipit.nonummy@accumsan.org', 'Hiram', 'Mcmillan', '303-7897PenatibusAve', 'Chandler',
        '306-893-465', '3c9a4a8a08c97d43937e27b246d31bf1e7c5ef3958bb66221ea1a879e572c1bd'),
       (473, 'nascetur.ridiculus@tacitisociosqu.edu', 'Allistair', 'Booth', 'P.O.Box291,7442Leo.Street', 'Orilla',
        '654-388-411', 'bffba37b69f93245ebf4d5a8296d35d2e4b2ffde6e83c16b5a3ebd352007c0ff'),
       (474, 'ullamcorper.duis.at@pharetra.org', 'Judith', 'Christensen', 'Ap#242-3156AliquamRd.', 'Moerzeke',
        '676-557-708', '68bd9fc1460a0754baf996bd2402692f32556575b1d6fdd6a25d8a4849179298'),
       (475, 'nascetur.ridiculus.mus@senectus.ca', 'Jenette', 'Frost', 'Ap#509-7276UtAvenue', 'RioBueno', '455-326-248',
        'bb6e89883816194696436487c18107025e618bf45454f7c28111d047f64649e9'),
       (476, 'tempus.non.lacinia@justo.com', 'Stacy', 'Holman', '125At,St.', 'Dzerzhinsky', '846-248-166',
        '34b50d598383d7899838c4d9840f13173cda89945a717b59ebcd34c8da5f0794'),
       (477, 'molestie.sed@velarcueu.ca', 'Dale', 'Wood', 'P.O.Box397,4920Dolor.St.', 'Vitry-sur-Seine', '278-548-739',
        '6d1b07db9a633efa23f00a827345d0268386ff1f060f6e622f6e449e33a43f68'),
       (478, 'integer.id.magna@gravidasagittis.com', 'Quincy', 'Holloway', '546-7321Augue,St.', 'Allumiere',
        '598-371-798', 'c5aa2aaac4abc62366240c79b313bbed71565ec867ae45f9addf59e84530f1b5'),
       (479, 'nulla.eget@vitaeposuere.com', 'Orlando', 'Sims', '9490EuAv.', 'Leoben', '681-804-154',
        '42fd1bc43a9e2c0e15cc560b8443444bd49ac8ba00406f0ec5adbe273adeb17b'),
       (480, 'nec.tempus.scelerisque@ligulaelit.edu', 'Kelly', 'Kramer', 'P.O.Box830,851OrciAv.', 'WestHam',
        '918-435-955', 'f4da0e67be300b63c7ddc2592359677dc1bb8ec8b7f488a39ba30a7539e5cb74'),
       (481, 'vivamus@adipiscing.net', 'Maggy', 'Mcgee', '499-4879NullaSt.', 'Ehein', '471-223-928',
        'ab7cdbd2aab31f937eafbf59618cffcb431933e5d36bfc9ad37a690d72afea60'),
       (482, 'sed.turpis.nec@orciin.ca', 'Maite', 'Morrison', '795-7607NuncSt.', 'Collipulli', '644-775-805',
        '9d111925ef9cf475060da7e145561cf60b11bbd2cdfb1a8bf66cad7dcc47bc9d'),
       (483, 'sagittis.semper.nam@magna.co.uk', 'Isaac', 'Bowers', 'P.O.Box790,6196ArcuAvenue', 'Bevagna',
        '613-887-409', 'a3f8d6c75fbde00a40fcb55dc1aa47f97e3a9a732133f1f0d643605f1d7ca974'),
       (484, 'gravida.aliquam@odiovelest.net', 'Elizabeth', 'Bradley', 'Ap#331-730NonummyRoad', 'Linz', '602-624-988',
        '3b31ae091cb3d5e7879df0ce8315014702a3d08794109a833a37d28af9fe5f27'),
       (485, 'eu.euismod@mifelisadipiscing.net', 'Jackson', 'Aguilar', 'P.O.Box563,2732MalesuadaAv.', 'Orp-le-Grand',
        '811-581-237', '6ee4ee863de9f2d64e50247e3996add733303d6a1f14925eecd317147f330154'),
       (486, 'nam.ligula.elit@praesent.org', 'Brock', 'Santos', '9879AeneanAvenue', 'FortSaskatchewan', '137-310-842',
        '626d0440709a10c7f38e30ce3ac08eb17a0534e2c886643a17bc7d7f2f9e3640'),
       (487, 'malesuada.augue.ut@duisuspendisse.co.uk', 'Bruce', 'Little', '8303Interdum.Ave', 'AnnapolisRoyal',
        '111-618-415', '41a154bdc42998ef3066eb4de4f86f86494f1b775af2377a7bb848abf2e4dbb0'),
       (488, 'augue.id@maecenasiaculisaliquet.net', 'Bertha', 'Stewart', '6839Adipiscing,Road', 'Blankenfelde-Mahlow',
        '380-174-040', 'd2892f60d0e731c8816b592ab5718fd009c97d4243e461b90f061e1b7a872f94'),
       (489, 'enim.gravida@dignissimlacus.ca', 'Lael', 'Brock', 'P.O.Box451,1585Ultrices,St.', 'Pembroke',
        '678-420-074', 'df24d42e7715f1abc1fccebda316685581025d079ea5f28bc969b5243fe69456'),
       (490, 'eget@justoproinnon.org', 'Maris', 'Mueller', '776-6442Lacinia.St.', 'Dortyol', '103-411-521',
        '4172c773526e604dc8ba808d7a1a7a294f49c07ce8743377efece064f98fab4c'),
       (491, 'magna.duis.dignissim@eleifend.ca', 'Scarlet', 'Wolfe', '430-6541Pede.Avenue', 'Chiusa/Klausen',
        '771-462-322', 'eb1174795edd6c29db8d8140ac5e0a92eb9716ed29ac9556eecbbf8aa38e504f'),
       (492, 'a.enim@nondapibusrutrum.co.uk', 'Nigel', 'Marquez', '7736Velit.Rd.', 'Christchurch', '906-857-899',
        '5ccd07d884e160a6855dd0dada8a5d94d7208fee48cbe0e489218039e9e23978'),
       (493, 'nulla@aliquetphasellus.ca', 'Giselle', 'Newton', 'P.O.Box820,2608Ligula.St.', 'Gosnells', '318-994-094',
        'b6dcc9641696879f9fbb763be53bec8639624d7f820c1b770aa508db6ba7dc47'),
       (494, 'vestibulum@uteros.ca', 'Erica', 'Haynes', '7007EtAve', 'Birmingham', '488-821-974',
        '03a1243804b8820c3818aa2e6adde33c13d558eb275a4b60e669d909d74969fe'),
       (495, 'enim.nisl.elementum@donec.com', 'Brendan', 'Patton', '3802NuncRd.', 'Mirny', '890-230-780',
        'aa3eb72ddc4beac25b72f9ee67b4a62b410eda3c51ddabd927f9faace685d913'),
       (496, 'tortor@nuncmauris.net', 'Ferdinand', 'Cotton', '441-987UltriciesRd.', 'Barahanagar', '315-319-095',
        '53aa959e01830333d8dc490d63956ce69a264b417cb95f21514c1c480fa0c206'),
       (497, 'sociis.natoque@nunc.net', 'Megan', 'Morin', 'Ap#128-9436AliquamStreet', 'CavassoNuovo', '461-189-488',
        'fddfca5673c7fceb9664232e6afbc9c3d55525551d2a3cd51fe1c06b8d38a321'),
       (498, 'sed.libero@urnasuscipitnonummy.com', 'Bert', 'Waller', '3006Purus.Road', 'Gussing', '557-751-792',
        '8980b95b0a900b6052dbe2a8274ecbe80a719ee19b1ae728fa6bbc0d01623988'),
       (499, 'tellus@eros.edu', 'Silas', 'Mueller', '5518Adipiscing.Road', 'Shivapuri', '888-119-838',
        '1b0616a189d4a4b3d58777e1ed54007853573d8dbfc231933bbe67555ba30c80'),
       (500, 'cursus.purus.nullam@magnis.com', 'Hollee', 'Grimes', '2012Adipiscing,Street', 'Cerami', '592-901-600',
        '88240cff4d771fcb3225152407529fd313f8596fce8967c4dc1285cebec1d4b9');

insert into discounts (discount_id, date_from, date_to, discount)
values (0, '2021-03-11', '2021-03-15', 31),
       (1, '2021-05-06', '2021-06-01', 24),
       (2, '2021-04-03', '2021-04-03', 9),
       (3, '2021-02-21', '2021-02-21', 18),
       (4, '2021-05-27', '2021-05-31', 33),
       (5, '2021-01-18', '2021-01-31', 41),
       (6, '2021-03-25', '2021-04-02', 31),
       (7, '2021-04-18', '2021-04-19', 33),
       (8, '2021-05-30', '2021-06-03', 24),
       (9, '2021-04-29', '2021-04-29', 15),
       (10, '2021-04-03', '2021-04-03', 28),
       (11, '2021-02-27', '2021-02-27', 38),
       (12, '2021-04-03', '2021-04-03', 32),
       (13, '2021-04-03', '2021-04-03', 14),
       (14, '2021-04-22', '2021-04-26', 21),
       (15, '2021-03-02', '2021-03-04', 24),
       (16, '2021-02-09', '2021-02-13', 32),
       (17, '2021-01-16', '2021-01-18', 35),
       (18, '2021-05-23', '2021-05-31', 16),
       (19, '2021-04-28', '2021-05-02', 10),
       (20, '2021-03-31', '2021-04-01', 11),
       (21, '2021-05-21', '2021-05-23', 11),
       (22, '2021-05-27', '2021-06-01', 33),
       (23, '2021-05-25', '2021-06-03', 25),
       (24, '2021-03-10', '2021-03-29', 31),
       (25, '2021-04-25', '2021-04-29', 35),
       (26, '2021-03-21', '2021-03-29', 30),
       (27, '2021-05-30', '2021-05-30', 35),
       (28, '2021-01-18', '2021-01-23', 33),
       (29, '2021-01-21', '2021-01-25', 41),
       (30, '2021-03-28', '2021-04-03', 27),
       (31, '2021-02-15', '2021-03-01', 29),
       (32, '2021-05-23', '2021-05-27', 22),
       (33, '2021-04-24', '2021-04-24', 24),
       (34, '2021-02-01', '2021-02-01', 5),
       (35, '2021-02-09', '2021-03-01', 28),
       (36, '2021-04-09', '2021-05-02', 35),
       (37, '2021-02-27', '2021-03-02', 7),
       (38, '2021-02-11', '2021-02-28', 42),
       (39, '2021-02-08', '2021-02-12', 20),
       (40, '2021-05-05', '2021-05-31', 37),
       (41, '2021-03-12', '2021-03-22', 26),
       (42, '2021-02-17', '2021-02-18', 22),
       (43, '2021-02-21', '2021-02-26', 11),
       (44, '2021-02-18', '2021-02-26', 17),
       (45, '2021-01-26', '2021-01-26', 13),
       (46, '2021-05-05', '2021-05-15', 22),
       (47, '2021-02-04', '2021-02-05', 29),
       (48, '2021-04-26', '2021-04-30', 35),
       (49, '2021-05-11', '2021-05-24', 32);

insert into stock (ingredient_id, restaurant_id, quantity)
values (1, 1, 300),
       (2, 1, 200),
       (3, 1, 50),
       (4, 1, 50),
       (5, 1, 500),
       (6, 1, 10000),
       (7, 1, 500),
       (8, 1, 100),
       (9, 1, 200),
       (10, 1, 300),
       (11, 1, 100),
       (12, 1, 1000),
       (13, 1, 50),
       (14, 1, 1000),
       (15, 1, 1000),
       (16, 1, 100),
       (17, 1, 50),
       (101, 1, 10),
       (102, 1, 20),
       (103, 1, 10),
       (104, 1, 20),
       (105, 1, 10),
       (106, 1, 20),
       (107, 1, 100),
       (108, 1, 50),
       (109, 1, 20),
       (90, 1, 5000),
       (91, 1, 5000),
       (92, 1, 5000),
       (18, 1, 1000),
       (50, 1, 1000),
       (51, 1, 10000),
       (52, 1, 10000),
       (53, 1, 100),
       (54, 1, 100),
       (55, 1, 100),
       (56, 1, 100),
       (57, 1, 100),
       (58, 1, 100),
       (59, 1, 100),
       (60, 1, 100),
       (1, 2, 300),
       (2, 2, 200),
       (3, 2, 50),
       (4, 2, 50),
       (5, 2, 500),
       (6, 2, 10000),
       (7, 2, 500),
       (8, 2, 100),
       (9, 2, 200),
       (10, 2, 300),
       (11, 2, 100),
       (12, 2, 1000),
       (13, 2, 50),
       (14, 2, 1000),
       (15, 2, 1000),
       (16, 2, 100),
       (17, 2, 50),
       (101, 2, 10),
       (102, 2, 20),
       (103, 2, 10),
       (104, 2, 20),
       (105, 2, 10),
       (106, 2, 20),
       (107, 2, 100),
       (108, 2, 50),
       (109, 2, 20),
       (90, 2, 5000),
       (91, 2, 5000),
       (92, 2, 5000),
       (18, 2, 1000),
       (50, 2, 1000),
       (51, 2, 10000),
       (52, 2, 10000),
       (53, 2, 100),
       (54, 2, 100),
       (55, 2, 100),
       (56, 2, 100),
       (57, 2, 100),
       (58, 2, 100),
       (59, 2, 100),
       (60, 2, 100),
       (1, 3, 300),
       (2, 3, 200),
       (3, 3, 50),
       (4, 3, 50),
       (5, 3, 500),
       (6, 3, 10000),
       (7, 3, 500),
       (8, 3, 100),
       (9, 3, 200),
       (10, 3, 300),
       (11, 3, 100),
       (12, 3, 1000),
       (13, 3, 50),
       (14, 3, 1000),
       (15, 3, 1000),
       (16, 3, 100),
       (17, 3, 50),
       (101, 3, 10),
       (102, 3, 20),
       (103, 3, 10),
       (104, 3, 20),
       (105, 3, 10),
       (106, 3, 20),
       (107, 3, 100),
       (108, 3, 50),
       (109, 3, 20),
       (90, 3, 5000),
       (91, 3, 5000),
       (92, 3, 5000),
       (18, 3, 1000),
       (50, 3, 1000),
       (51, 3, 10000),
       (52, 3, 10000),
       (53, 3, 100),
       (54, 3, 100),
       (55, 3, 100),
       (56, 3, 100),
       (57, 3, 100),
       (58, 3, 100),
       (59, 3, 100),
       (60, 3, 100),
       (1, 4, 300),
       (2, 4, 200),
       (3, 4, 50),
       (4, 4, 50),
       (5, 4, 500),
       (6, 4, 10000),
       (7, 4, 500),
       (8, 4, 100),
       (9, 4, 200),
       (10, 4, 300),
       (11, 4, 100),
       (12, 4, 1000),
       (13, 4, 50),
       (14, 4, 1000),
       (15, 4, 1000),
       (16, 4, 100),
       (17, 4, 50),
       (101, 4, 10),
       (102, 4, 20),
       (103, 4, 10),
       (104, 4, 20),
       (105, 4, 10),
       (106, 4, 20),
       (107, 4, 100),
       (108, 4, 50),
       (109, 4, 20),
       (90, 4, 5000),
       (91, 4, 5000),
       (92, 4, 5000),
       (18, 4, 1000),
       (50, 4, 1000),
       (51, 4, 10000),
       (52, 4, 10000),
       (53, 4, 100),
       (54, 4, 100),
       (55, 4, 100),
       (56, 4, 100),
       (57, 4, 100),
       (58, 4, 100),
       (59, 4, 100),
       (60, 4, 100),
       (1, 5, 300),
       (2, 5, 200),
       (3, 5, 50),
       (4, 5, 50),
       (5, 5, 500),
       (6, 5, 10000),
       (7, 5, 500),
       (8, 5, 100),
       (9, 5, 200),
       (10, 5, 300),
       (11, 5, 100),
       (12, 5, 1000),
       (13, 5, 50),
       (14, 5, 1000),
       (15, 5, 1000),
       (16, 5, 100),
       (17, 5, 50),
       (101, 5, 10),
       (102, 5, 20),
       (103, 5, 10),
       (104, 5, 20),
       (105, 5, 10),
       (106, 5, 20),
       (107, 5, 100),
       (108, 5, 50),
       (109, 5, 20),
       (90, 5, 5000),
       (91, 5, 5000),
       (92, 5, 5000),
       (18, 5, 1000),
       (50, 5, 1000),
       (51, 5, 10000),
       (52, 5, 10000),
       (53, 5, 100),
       (54, 5, 100),
       (55, 5, 100),
       (56, 5, 100),
       (57, 5, 100),
       (58, 5, 100),
       (59, 5, 100),
       (60, 5, 100);

insert into customer_discounts (discount_id, customer_id)
values (0, 196),
       (0, 252),
       (0, 246),
       (0, 4),
       (0, 111),
       (0, 269),
       (0, 119),
       (1, 159),
       (1, 458),
       (2, 196),
       (2, 108),
       (2, 392),
       (3, 264),
       (4, 352),
       (4, 288),
       (5, 475),
       (5, 468),
       (5, 356),
       (5, 377),
       (5, 210),
       (5, 228),
       (5, 446),
       (6, 223),
       (6, 205),
       (6, 8),
       (6, 114),
       (7, 279),
       (7, 19),
       (7, 333),
       (7, 304),
       (7, 180),
       (7, 50),
       (7, 227),
       (7, 169),
       (8, 263),
       (8, 126),
       (9, 450),
       (9, 193),
       (9, 477),
       (9, 259),
       (9, 411),
       (9, 487),
       (9, 227),
       (10, 448),
       (10, 309),
       (10, 238),
       (10, 247),
       (10, 406),
       (10, 136),
       (11, 257),
       (11, 20),
       (11, 59),
       (11, 216),
       (11, 466),
       (11, 352),
       (12, 420),
       (12, 133),
       (13, 250),
       (13, 134),
       (13, 328),
       (13, 316),
       (13, 231),
       (13, 308),
       (14, 497),
       (14, 425),
       (14, 482),
       (14, 76),
       (14, 301),
       (14, 466),
       (15, 396),
       (15, 184),
       (15, 406),
       (15, 89),
       (15, 222),
       (15, 461),
       (15, 168),
       (15, 124),
       (16, 49),
       (16, 80),
       (16, 302),
       (16, 25),
       (16, 69),
       (16, 146),
       (16, 28),
       (16, 70),
       (16, 434),
       (17, 52),
       (17, 496),
       (18, 5),
       (18, 334),
       (18, 175),
       (18, 30),
       (19, 415),
       (19, 125),
       (19, 485),
       (19, 328),
       (19, 40),
       (19, 498),
       (19, 120),
       (19, 116),
       (20, 373),
       (20, 292),
       (20, 302),
       (20, 426),
       (20, 212),
       (20, 268),
       (20, 104),
       (20, 129),
       (21, 224),
       (21, 477),
       (21, 313),
       (21, 499),
       (22, 99),
       (22, 200),
       (22, 329),
       (22, 81),
       (22, 320),
       (23, 226),
       (23, 468),
       (23, 303),
       (23, 188),
       (24, 397),
       (24, 470),
       (24, 261),
       (24, 124),
       (24, 479),
       (25, 171),
       (25, 78),
       (25, 305),
       (25, 17),
       (25, 451),
       (25, 5),
       (25, 4),
       (26, 299),
       (26, 390),
       (26, 386),
       (26, 112),
       (26, 127),
       (26, 57),
       (26, 342),
       (26, 1),
       (26, 146),
       (27, 229),
       (27, 437),
       (27, 46),
       (28, 49),
       (29, 26),
       (29, 195),
       (30, 312),
       (30, 35),
       (30, 403),
       (30, 179),
       (30, 88),
       (30, 269),
       (31, 370),
       (31, 317),
       (31, 76),
       (31, 91),
       (32, 204),
       (32, 158),
       (32, 201),
       (32, 323),
       (32, 330),
       (32, 19),
       (33, 465),
       (34, 2),
       (34, 383),
       (34, 486),
       (35, 290),
       (35, 153),
       (35, 431),
       (35, 111),
       (35, 233),
       (36, 308),
       (36, 261),
       (36, 491),
       (36, 373),
       (36, 450),
       (37, 58),
       (37, 166),
       (37, 400),
       (38, 408),
       (38, 448),
       (39, 348),
       (39, 166),
       (39, 255),
       (39, 342),
       (39, 472),
       (39, 464),
       (40, 483),
       (40, 81),
       (41, 147),
       (42, 163),
       (42, 452),
       (42, 214),
       (42, 91),
       (42, 231),
       (43, 118),
       (43, 388),
       (43, 321),
       (43, 451),
       (43, 328),
       (43, 413),
       (44, 269),
       (44, 426),
       (44, 7),
       (44, 79),
       (44, 411),
       (44, 463),
       (44, 293),
       (44, 470),
       (45, 269),
       (45, 220),
       (45, 134),
       (45, 330),
       (45, 113),
       (45, 344),
       (45, 156),
       (45, 186),
       (45, 397),
       (46, 413),
       (46, 266),
       (46, 197),
       (46, 125),
       (46, 325),
       (47, 102),
       (47, 319),
       (47, 450),
       (47, 133),
       (47, 238),
       (48, 436),
       (48, 374),
       (49, 307),
       (49, 205),
       (49, 318),
       (49, 44);

insert into dish_discounts (discount_id, dish_id)
values (0, 36),
       (0, 16),
       (0, 34),
       (1, 25),
       (1, 17),
       (1, 1),
       (1, 30),
       (1, 33),
       (2, 22),
       (2, 20),
       (2, 14),
       (2, 6),
       (3, 12),
       (3, 14),
       (3, 8),
       (3, 10),
       (4, 10),
       (5, 25),
       (5, 16),
       (6, 32),
       (6, 10),
       (6, 21),
       (6, 1),
       (7, 30),
       (7, 19),
       (7, 35),
       (7, 9),
       (8, 6),
       (8, 10),
       (8, 12),
       (8, 3),
       (9, 10),
       (9, 15),
       (9, 2),
       (9, 0),
       (9, 21),
       (10, 3),
       (10, 9),
       (10, 15),
       (11, 12),
       (11, 3),
       (11, 10),
       (11, 37),
       (11, 34),
       (12, 25),
       (12, 1),
       (13, 15),
       (14, 32),
       (14, 24),
       (15, 14),
       (15, 17),
       (15, 19),
       (16, 22),
       (17, 8),
       (17, 1),
       (17, 6),
       (17, 35),
       (18, 17),
       (18, 34),
       (18, 18),
       (19, 16),
       (19, 9),
       (20, 12),
       (20, 22),
       (21, 14),
       (21, 19),
       (21, 22),
       (21, 36),
       (21, 6),
       (22, 16),
       (22, 25),
       (22, 35),
       (22, 22),
       (22, 34),
       (23, 34),
       (23, 32),
       (23, 0),
       (23, 22),
       (23, 31),
       (24, 3),
       (24, 30),
       (24, 24),
       (24, 25),
       (24, 21),
       (25, 22),
       (25, 14),
       (25, 20),
       (25, 4),
       (26, 19),
       (26, 32),
       (26, 24),
       (27, 30),
       (27, 4),
       (28, 21),
       (28, 14),
       (28, 22),
       (28, 31),
       (28, 19),
       (29, 32),
       (29, 23),
       (29, 22),
       (29, 35),
       (29, 7),
       (30, 24),
       (31, 8),
       (31, 3),
       (32, 18),
       (32, 37),
       (32, 16),
       (32, 35),
       (33, 3),
       (33, 34),
       (33, 37),
       (33, 30),
       (33, 21),
       (34, 7),
       (34, 25),
       (34, 10),
       (35, 33),
       (36, 12),
       (37, 21),
       (37, 7),
       (37, 10),
       (38, 8),
       (38, 16),
       (39, 35),
       (39, 14),
       (39, 8),
       (39, 7),
       (39, 32),
       (40, 31),
       (40, 15),
       (41, 23),
       (41, 21),
       (41, 20),
       (42, 6),
       (42, 24),
       (42, 31),
       (42, 0),
       (42, 35),
       (43, 22),
       (43, 6),
       (43, 35),
       (43, 21),
       (43, 24),
       (44, 16),
       (44, 21),
       (44, 7),
       (44, 23),
       (44, 33),
       (45, 17),
       (46, 5),
       (46, 3),
       (47, 30),
       (47, 3),
       (48, 35),
       (48, 4),
       (49, 24),
       (49, 6),
       (49, 36),
       (49, 32);

insert into special_dates (special_date_id, restaurant_id, date_from, date_to, opening_time, closing_time, is_cyclic)
values (1, null, '2020-01-01', '2020-01-02', null, null, true),   -- nowy rok i dzien pozniej
       (2, null, '2020-01-06', '2020-01-06', null, null, true),   -- swieto trzech kroli
       (3, null, '2020-05-01', '2020-05-03', null, null, true),   -- swieto pracy ... swieto narodowe trzeciego maja
       (4, null, '2020-08-15', '2020-08-15', null, null, true),   -- wniebowziecia najswietszej maryi panny
       (5, null, '2020-11-01', '2020-11-01', null, null, true),   -- uroczystosc wszystkich swietych
       (6, null, '2020-11-11', '2020-11-11', null, null, true),   -- narodowe swieto niepodleglosci
       (7, null, '2020-12-25', '2020-12-26', null, null, true),   -- boze narodzenie
       (8, 1, '2020-11-09', '2020-11-09', '8:00', '24:00', true), -- urodziny wlasciciela restauracji 1
       (9, 2, '2021-06-01', '2021-06-14', null, null, false); -- wlasciciel restauracji 2 zaplanowal wycieczke
